Metric,CNE100004ZD8,US00108J1097,US0079031078,TW0003438008,CNE100003MM9,TW0003437000,TW0008261009,JP3122400009,DE000A0WMPJ6,KYG022421088,TW0003041000,CNE100001ZN3,US01749D1054,BMG6331P1041,GB00BNDRMJ14,KYG037AX1015,US0316521006,CNE100003LZ3,TW0002493004,AT0000A18XM4,US0323325045,US0326541051,TW0006291008,TW0006533003,TW0006138001,JP3105280006,TW0006531007,TW0008271008,TW0006449002,US0382221051,TW0003264008,NO0010946593,US04302A1043,TW0003711008,TW0003169009,NL0000334118,TW0005269005,NL0010273215,KYG0535Q1331,TW0005274005,US04965B1008,KR7017900002,US0545402085,JP3108080007,US00246W1036,NL0012866412,TW0003031001,US11135F1012,CNE100001XM0,DE000A1TNMM9,US1572101053,TW0003257002,TW0008070004,TW0006548001,TW0001597003,CNE100003S06,TW0008084005,TW0006147002,TW0008150004,US1727551004,GB0001602944,US19247G1076,US1925761066,KYG234201138,TW0002466000,MYL7204OO000,JP3487600003,CNE000000X87,TW0003094009,KR7000990002,US2545431015,JP3548600000,CNE100001RT7,TW0003048005,TW0002458007,TW0003450003,TW0003006003,DE0005677108,TW0003529004,TW0003714002,US29362U1043,KR7039030002,TW0003016002,TW0005351001,KR7084370006,TW0002393006,TW0006288004,TW0003035002,TW0004961008,TW0003545000,US3463751087,TW0008131004,TW0003532008,TW0003413001,CNE100004PM0,KYG3790U1040,TW0004952007,CNE1000030S9,TW0008081001,TW0003443008,TW0006488000,KYG393871085,TW0003188009,TW0002441003,CNE000000YF5,US36241U1060,JP3771800004,CNE100002Q09,CNE100004314,CNE000001DN1,KR7042700005,TW0006168008,DE000HAG0005,TW0006202005,CNE100002V10,HK0000218211,TW0002486008,TW0008040007,US4532041096,MYQ0166OO007,CH0011029946,DE0006231004,CNE100001377,US4581401001,US45817G2012,JP3152720003,US4611471008,US44980X1090,GB0009619924,TW0003014007,JP3735300000,JP3389680004,CNE000001F05,CNE000000N97,TW0005285001,CNE0000017L3,TW0006552003,TW0002375003,JP3281610000,TW0002449006,US4824801009,US5012421013,US5128071082,JP3979200007,TW0003346003,US5184151042,TW0003588000,KR7058470006,TW0002472008,TW0002369006,TW0004979000,US55405Y1001,TW0002337003,US55933J2033,MYL3867OO008,US5738741041,US57776J1007,CNE100003QK4,TW0003527008,TW0002454006,JP3920860008,BE0165385973,US5950171042,US5951121038,JP3750400008,JP3910570005,TW0002464005,US55306N1046,CNE100001X19,US6098391054,CNE100003MN7,TW0002434008,DE0006627201,SE0000375115,US63010N1054,TW0002408002,CNE1000040F5,CNE100000ML7,US64118P1093,TW0003317004,JP3686200001,JP3725200004,JP3701200002,NO0003055501,IL0010845571,TW0003034005,TW0004919006,US6294452064,US67066G1040,NL0009538784,JP3193600008,US6821891057,US6833441057,TW0002329000,JP3200400004,DE000LED4000,US68989M2026,TW0002481009,US7013543001,US71360T2006,TW0008299009,US7194051022,CNE100005998,US72581M3051,US7392761034,TW0006770001,TW0006239007,TW0006173008,DE0007461006,US74736K1016,US7475251036,US74837P4054,US7509171069,TW0002379005,TW0002302007,JP3164720009,US7631651079,TW0004968003,TW0008104001,ES0105225009,CNE100003RK2,JP3982800009,JP3982200002,JP3976200000,JP3975410006,JP3322950001,CNE000000KB3,JP3329600005,DE0005156236,TW0003583001,JP3494600004,TW0002351004,JP3418400002,US8168501018,CH0406705126,KR7046890000,US8173232070,CNE100002NT4,CNE000000XB6,CNE100000510,CNE100002G84,CNE100000Q50,JP3355000005,JP3371600002,JP3375800004,KYG811801045,TW0006257009,TW0002363009,US8269191024,US82706C1080,TW0003530002,TW0003288007,DE000WAF3001,TW0005483002,US82982T1060,TW0008016007,KR7000660001,JP3162640001,US83089J1088,US83088M1027,KYG8232Y1017,KYG8020E1199,DE0005178008,FR0013227113,TW0005471007,TW0003055000,CNE100003RN6,NL0000226223,DE000A1K0235,JP3322930003,TW0002401007,CNE000001P60,US87157D1090,TW0001582005,TW0002338001,TW0006278005,TW0002340007,JP3468000009,TW0004967005,IT0005482333,US8807701029,TW0003030003,US8825081040,CNE100000825,KR7064760002,JP3571400005,JP3571800006,JP3580200008,TW0006271000,CNE1000006C3,TW0008021007,JP3637280003,JP3555700008,IL0010823792,TW0002451002,TW0002330008,TW0002426004,CH0033361673,US90385V1070,JP3126190002,TW0002303005,TW0008277005,CNE000001M14,KR7077500007,MYL5005OO003,US91347P1057,JP3829900004,TW0005347009,US9224171002,CNE100004413,TW0002388006,TW0006789001,US9282981086,US92835K1034,TW0002455003,TW0006182009,TW0008110008,TW0002436003,CNE100002XM8,TW0003105003,TW0002344009,JP3154370005,US9778521024,KR7030530000,KR7240810002,BE0974310428,JP3990600003,CNE100001R90,CNE100001DJ8,US29355A1079,US3364331070,US88160R1014,CNE100000296,US50202M1027,US62914V1061,US3453708600,US98422D1054,US7311052010,CNE100005K77,CNE100001TJ4,US5494981039,TH3545010003,INE260D01016,US0395872098,US54405Q2093,US3073597037,CA35954F1080,SGXZ55111462
Air Quality,,,,,,,,,,,,,,,,,,,,,,,,,,,,,,,,,,,,,,,,,,,,,,,,,,,,,,,,,,,,,,,,,,,,,,,,,,,,,,,,,,,,,,,,,,,,,,,,,,,,,,,,,,,,,,,,,,,,,,,,,,,,,,,,,,,,,,,,,,,,,,,,,,,,,,,,,,,,,,,,,,,,,,,,,,,,,,,,,,,,,,,,,,,,,,,,,,,,,,,,,,,,,,,,,,,,,,,,,,,,,,,,,,,,,,,,,,,,,,,,,,,,,,,,,,,,,,,,,,,,,,,,,,,,,,,,,,,,,,,,,,,,,,,,,,,,,,,,,,,,,,,,,,,,,,,,,,,,,,,,,,,,,,,,,,,,,,,,,,,,,,,,,,,,
Climate Exposure,,,,,,,,,,,,,,,,,,,,,,,,,,,,,,,,,,,,,,,,,,,,,,,,,,,,,,,,,,,,,,,,,,,,,,,,,,,,,,,,,,,,,,,,,,,,,,,,,,,,,,,,,,,,,,,,,,,,,,,,,,,,,,,,,,,,,,,,,,,,,,,,,,,,,,,,,,,,,,,,,,,,,,,,,,,,,,,,,,,,,,,,,,,,,,,,,,,,,,,,,,,,,,,,,,,,,,,,,,,,,,,,,,,,,,,,,,,,,,,,,,,,,,,,,,,,,,,,,,,,,,,,,,,,,,,,,,,,,,,,,,,,,,,,,,,,,,,,,,,,,,,,,,,,,,,,,,,,,,,,,,,,,,,,,,,,0.5,0.0,0.0,0.5,0.75,0.25,0.25,0.25,0.25,0.25,1.59883236875,0.0,0.0,0.0,0.0,0.0,0.0
Ecological Impact,,,,,,,,,,,,,,,,,,,,,,,,,,,,,,,,,,,,,,,,,,,,,,,,,,,,,,,,,,,,,,,,,,,,,,,,,,,,,,,,,,,,,,,,,,,,,,,,,,,,,,,,,,,,,,,,,,,,,,,,,,,,,,,,,,,,,,,,,,,,,,,,,,,,,,,,,,,,,,,,,,,,,,,,,,,,,,,,,,,,,,,,,,,,,,,,,,,,,,,,,,,,,,,,,,,,,,,,,,,,,,,,,,,,,,,,,,,,,,,,,,,,,,,,,,,,,,,,,,,,,,,,,,,,,,,,,,,,,,,,,,,,,,,,,,,,,,,,,,,,,,,,,,,,,,,,,,,,,,,,,,,,,,,,,,,,,,,,,,,,,,,,,,,,
Energy Management,1.4448038577,0.0,2.4468154908,0.0,1.3701783657,0.8446761846,1.434469986,2.5619104386,2.0386492251,2.0883512018999997,0.0,0.0,0.9362325668999999,0.0,1.8245914935,0.0,1.3023572445,1.9574040413999998,0.0,1.736394453,0.0,2.0594833374,0.0,0.0,1.73168478,0.0,1.5714782238,2.4274097441999998,0.0,2.2297881603,1.0015665294,0.0,0.0,1.5333486557999998,1.3572890282999999,2.5635569571,1.2289187906999999,2.66059227,1.6378920077999999,1.4517568587,0.0,0.0,1.7757561207,0.0,0.0,2.3088106155,0.4393539549,1.9426135538999998,0.0,0.0,0.0,0.0,0.0,1.0957850217,0.8073861836999999,1.1422910927999999,0.0,0.6818422794,0.4964723469,2.6661738396,1.6388195514,1.7899578093,1.9855527879,1.2550374984000001,0.7663290737999999,0.9441106797,0.0,0.8515716074999999,0.9070121525999999,0.5725729106999999,1.2582245348999999,2.1583787442,1.9281449319,2.1095264913,1.3547490119999999,0.403725171,1.356516981,1.3903129577999997,1.0879274367,0.5541839004,0.9245756148,1.4448105812999998,0.0,1.0557487248,0.9228189468,1.0190739156,1.3991528034,1.9686990737999999,2.300169468,2.0326774119,1.550340414,0.6792725085,0.4880817534,1.0182461499,0.0,0.4018140078,1.1644854069,1.1865602733,1.4692228316999998,1.1855463981,1.3965625763999998,1.1180595876,0.0,0.593126607,1.2116509437,0.0,1.7263360977,0.0,0.2653280676,0.0,0.0,1.0287323711999998,2.4622329710999997,1.3251720429,0.1082167983,0.7959555387,0.0,0.0,2.5247391701999997,0.8458194495,2.0781184674,1.1136084081,0.0,2.0924931048,0.0,0.0,0.0,1.3849375248,1.0173633099,1.9679413319999999,0.0,2.3490467547,0.7260251283,0.0,1.8562201023,0.0,0.0,0.0,1.0150164125999999,0.4497016311,2.1938273906999997,2.0267749785,2.3380352496,0.0,1.3640004159,2.3643537999,0.0,0.0,0.5477625132,0.514404738,1.1011367082,1.6242782592,0.5687450409,0.2192553699,1.3386119844,2.4673416138,0.0,0.9665825844,1.2144211293,1.4486569403999998,2.0499857427,1.8381374358,1.4251962662999997,1.0827914715,1.1019448758,0.0,1.4774705886,1.8012760161,0.0,2.2458532332,2.0404984473,0.0,0.0,2.1911802291,0.0,0.7823823453,0.5472722769,0.0,0.0,1.4680104732,1.4176533221999998,0.0,0.38060513729999995,2.7094262124,1.0723545312,1.4807852268000001,1.0110658407,0.0,2.2713971616,1.9918373108999998,0.0,0.8347658874,0.0,0.9168421269,0.0,1.7425340652,0.0,0.9157962084,0.0,0.0,1.3835539340999998,0.0,1.6490841867000001,0.0,1.8637334346,0.6370523931,0.7439744712,0.5814241646999999,2.0593285559999996,1.4561259269999998,2.3750099658,0.0,1.9209134102999998,1.1713736058,0.0,1.2459704877,0.0,1.3975463391,0.0,0.0,0.0,1.5101205825,0.8265415191,2.4593350409999997,1.4645400525,0.0,0.0,1.2661707402,0.0,0.9216783999,2.2133939264999998,1.12861197,0.0,2.236345911,2.0684866905,0.0,0.0,1.7243328092999999,1.8250525476,1.7762659550999997,0.0,0.0,1.2781698705,0.7562110661999999,1.5380667686999998,0.0,0.9766118289,0.2760669708,2.212737894,0.0,0.0,0.0,1.5883076189999998,0.605680275,0.0,1.8647748470999999,1.4837360859,0.0,0.0,1.5523820400000001,1.7676469803,0.7781189202,0.0,1.4659840107,1.461020136,1.0019914626,0.0,1.9290447234,2.2666203975,0.7464064122,0.0,0.0,2.1450751305,1.6744338512999999,1.2383432865,1.0287008999999998,0.8033846856,1.1276721954,1.5113077641,1.2526104927000001,1.2041728019999998,0.0,1.5627302169,0.0,0.0,2.4562600136999997,1.833561945,0.0,0.9969957590999999,0.0,0.7286910294000001,0.5171389461,1.3500572205,0.0,1.9149298668,1.3341673851,0.56293509,2.034179592,0.0,1.1326993704,1.0280560971,0.0,1.6270035266999998,0.0,0.8133438348,1.9645611762,0.0,0.5379827855999999,1.9312035083999999,2.126457882,1.4407771109999998,1.7499000549000001,0.0,0.0,0.0,0.632871294,0.48295615919999996,0.0,1.8510221958,0.7580700158999999,1.1675293206,0.0,0.7566342831,0.0,1.2698667525,1.9764395714999998,1.3901487351000001,1.4997220515,1.5177928449,2.3836419581999997,1.5466961862,,,,,,,,,,,,,,,,,
Environmental Supply Chain Management,,,,,,,,,,,,,,,,,,,,,,,,,,,,,,,,,,,,,,,,,,,,,,,,,,,,,,,,,,,,,,,,,,,,,,,,,,,,,,,,,,,,,,,,,,,,,,,,,,,,,,,,,,,,,,,,,,,,,,,,,,,,,,,,,,,,,,,,,,,,,,,,,,,,,,,,,,,,,,,,,,,,,,,,,,,,,,,,,,,,,,,,,,,,,,,,,,,,,,,,,,,,,,,,,,,,,,,,,,,,,,,,,,,,,,,,,,,,,,,,,,,,,,,,,,,,,,,,,,,,,,,,,,,,,,,,,,,,,,,,,,,,,,,,,,,,,,,,,,,,,,,,,,,,,,,,,,,,,,,,,,,,,,,,,,,,,,,,,,,,,,,,,,,,
GHG Emissions Management,0.0,0.0,0.76712380407,0.04451147883,0.04451147883,0.20357680564,0.35154426814,1.24993782043,1.11861696245,0.38666934007000003,0.04451147883,0.0,0.34626960758,0.04451147883,0.24041213391,0.0,0.43560071945000006,0.04451147883,0.0,1.14524736404,0.0,0.76508610724,0.04451147883,0.04451147883,0.04451147883,0.0,0.36964624645,0.34062530762,0.04451147883,0.8755671882100001,0.8637275076300001,0.0,0.0,1.1734045505000001,0.04451147883,1.24853563315,0.35706638811999997,1.08842741007,0.73137428767,1.28425570494,0.0,0.0,0.6441674709599999,0.0,0.0,0.9309780741300001,0.0,0.89147172452,0.04451147883,0.0,0.0,0.04451147883,0.51964158064,0.24733656532,0.15281077383,0.04451147883,0.04451147883,0.24018522385000002,0.8713637257000001,0.5092977523400001,0.2752349639,0.80418748384,0.30110845089000005,0.24058929803999998,0.04451147883,0.3602046656,0.34470488546,0.04451147883,0.45921558137,0.04451147883,0.04451147883,0.87707004541,0.34893336061999997,0.0,1.24585461611,0.20407034518,0.5191718911600001,0.24782561063,0.36568946843,0.63097302437,0.18021623737,0.32033499953,0.04451147883,0.3366124606,0.30171662326,0.29710387941,0.28223548652,0.9210782718800001,0.04451147883,0.29297381165,0.32883800742,0.8707492303900001,1.17749048235,0.5082989883400001,0.0,0.30878957993,0.33431936980000004,0.77324613093,0.3678624248,1.2747119045700002,0.85522803301,0.5821684741600001,0.0,0.28089553596,0.04451147883,0.0,0.8581049347,0.0,0.25393605107,0.04451147883,0.04451147883,0.7358571338300001,0.3105321479,0.3453799128,0.04451147883,0.24596163748000002,0.0,0.04451147883,0.27053955799,1.0663777351500001,0.25482952716,0.5945576858,0.0,1.07720879552,0.0,0.04451147883,0.0,0.45168961045000006,0.22819924946,0.32957759614,0.0,0.34388520712,0.65104866502,0.04451147883,0.04451147883,0.06800301014,0.04451147883,0.0,0.22974737409,0.9626767445100001,1.0812362098200001,0.35748763323,1.15033193587,0.04451147883,0.37431865458,0.2582503963,0.0,0.0,0.31056227449,0.62216193195,0.33816013569000003,0.21860601308,0.63681943897,0.0,0.38857903006,1.07971810336,0.04451147883,0.04451147883,0.33547143227000004,1.26836114886,0.0,0.32120445487000004,0.82379585262,0.62053869241,0.25298557635,0.04451147883,0.09398421045,1.0227235889,0.0,0.31195457462,0.38485427617,0.04451147883,0.0,0.9319727469,0.0,1.02385500906,0.04451147883,0.04451147883,0.0,0.33409543518,0.04451147883,0.04451147883,0.20275250918,1.3,0.18858748792000002,0.9371174478900001,0.75329576972,0.0,0.75837507252,0.70010321615,0.04451147883,0.91254333976,0.0,0.35507493502000004,0.04451147883,0.91513695234,0.0,0.88461036677,0.0,0.0,0.9398282813400001,0.0,0.21643968944,0.0,0.0,0.34970220805,0.94281942846,0.23467923635000001,0.21511853701000003,0.35314373497,1.22483693124,0.0,0.20476420159,1.27479434966,0.04451147883,1.1127124023600001,0.0,0.35319360492,0.04451147883,0.04451147883,0.0,1.0006450272,0.6457041120400001,1.27348217009,0.79741303447,0.04451147883,0.04451147883,0.28223278993,0.04451147883,0.66646646495,1.0106226253500001,0.26529087065,0.0,0.23827533249000002,0.28384403462999996,0.04451147883,0.0,0.04451147883,0.0,0.37163230663,0.0,0.0,0.31292011257,0.70867893694,0.8809208536700001,0.04451147883,0.32327478885,0.04451147883,0.29129912136,0.04451147883,0.04451147883,0.0,1.1917523766200002,0.24754103543,0.0,0.36470734833,0.65593412872,0.04451147883,0.0,0.25968416695,0.68658989906,0.15119450814000002,0.0,1.2089136124,0.38943627359,0.38943627359,0.04451147883,1.00449540139,0.28073885918,0.9559951544,0.04451147883,0.04451147883,0.38346941477,0.36834466695,0.33883779761,0.33981040236000004,0.21646967654,1.06249239928,0.37235072615000003,0.27388565308,0.72045929436,0.04451147883,0.30864179853,0.04451147883,0.0,1.23324584006,0.8528774785700001,0.04451147883,0.48427227264,0.04451147883,0.29018493413,0.07336966988,1.05717698099,0.0,0.37237645146000004,0.76330163481,0.16294724940000002,0.76579990864,0.0,0.66890417581,0.97867810729,0.04451147883,0.04451147883,0.0,0.9488020945,0.32575694567,0.0,0.87879872795,0.2934440899,0.37250439642,0.8226211022900001,0.7648924541700001,0.0,0.0,0.04451147883,0.36518264770000003,0.25078748344,0.04451147883,0.36016555068,0.9126665115100001,1.0839344596600002,0.0,0.5832951831200001,0.0,0.28217954154,0.36589886671000005,0.31016783954,0.3948419475,0.0,1.3,1.1454831696099999,1.7124938965,0.0,0.0,0.0,2.5,0.0,2.5,0.0,0.0,0.0,0.565583229,0.4968851805,0.0,0.0,0.0,0.0,0.0
Sustainable Finance,,,,,,,,,,,,,,,,,,,,,,,,,,,,,,,,,,,,,,,,,,,,,,,,,,,,,,,,,,,,,,,,,,,,,,,,,,,,,,,,,,,,,,,,,,,,,,,,,,,,,,,,,,,,,,,,,,,,,,,,,,,,,,,,,,,,,,,,,,,,,,,,,,,,,,,,,,,,,,,,,,,,,,,,,,,,,,,,,,,,,,,,,,,,,,,,,,,,,,,,,,,,,,,,,,,,,,,,,,,,,,,,,,,,,,,,,,,,,,,,,,,,,,,,,,,,,,,,,,,,,,,,,,,,,,,,,,,,,,,,,,,,,,,,,,,,,,,,,,,,,,,,,,,,,,,,,,,,,,,,,,,,,,,,,,,,,,,,,,,,,,,,,,,,
Sustainable Product,0.0,0.0,0.48,0.0,0.48,0.0,0.24,0.24,0.24,0.0,0.0,0.0,0.24,0.0,0.0,0.0,0.24,0.0,0.0,0.24,0.0,0.24,0.0,0.0,0.0,0.0,0.0,0.24,0.0,0.24,0.0,0.0,0.0,0.48,0.0,0.24,0.24,0.48,0.24,0.24,0.0,0.0,0.24,0.0,0.0,0.24,0.0,0.0,0.0,0.0,0.0,0.0,0.0,0.0,0.0,0.24,0.0,0.0,0.0,0.24,0.0,0.0,0.48,0.0,0.0,0.0,0.0,0.24,0.0,0.0,0.0,0.48,0.0,0.0,0.24,0.0,0.24,0.24,0.24,0.48,0.0,0.0,0.24,0.0,0.0,0.24,0.48,0.48,0.24,0.0,0.0,0.48,0.0,0.0,0.0,0.0,0.0,0.24,0.0,0.24,0.24,0.0,0.0,0.0,0.0,0.0,0.48,0.0,0.24,0.24,0.0,0.24,0.24,0.24,0.0,0.24,0.0,0.0,0.0,0.24,0.0,0.24,0.0,0.48,0.0,0.24,0.0,0.0,0.0,0.24,0.0,0.0,0.24,0.0,0.0,0.0,0.0,0.0,0.24,0.0,0.24,0.0,0.24,0.24,0.0,0.0,0.0,0.0,0.0,0.0,0.0,0.0,0.0,0.0,0.0,0.48,0.0,0.0,0.0,0.48,0.0,0.0,0.48,0.48,0.0,0.0,0.0,0.48,0.24,0.0,0.24,0.0,0.0,0.0,0.0,0.48,0.0,0.24,0.0,0.0,0.0,0.24,0.48,0.24,0.0,0.48,0.0,0.0,0.48,0.0,0.0,0.48,0.24,0.24,0.24,0.24,0.0,0.24,0.0,0.0,0.48,0.0,0.0,0.0,0.24,0.0,0.0,0.0,0.0,0.24,0.48,0.0,0.0,0.48,0.0,0.48,0.0,0.48,0.0,0.0,0.0,0.48,0.0,0.48,0.0,0.24,0.0,0.0,0.24,0.0,0.48,0.0,0.0,0.0,0.0,0.0,0.0,0.48,0.0,0.0,0.24,0.0,0.48,0.48,0.0,0.0,0.0,0.24,0.24,0.0,0.0,0.0,0.24,0.0,0.0,0.24,0.48,0.0,0.0,0.24,0.24,0.0,0.0,0.0,0.0,0.0,0.24,0.48,0.24,0.0,0.24,0.0,0.0,0.0,0.0,0.0,0.24,0.0,0.0,0.24,0.24,0.0,0.24,0.0,0.0,0.48,0.0,0.24,0.48,0.0,0.48,0.24,0.24,0.0,0.24,0.48,0.0,0.0,0.0,0.48,0.24,0.0,0.0,0.0,0.0,0.48,0.0,0.48,0.24,0.0,0.0,0.24,0.0,0.0,0.0,0.0,0.0,0.0,0.24,0.0,0.48,0.0,0.48,0.0,0.0,0.24,0.0,0.24,0.24,0.0,0.0,2.90311651245,1.44022355085,2.90311651245,2.90311651245,2.3715576170999997,2.38296608935,0.0,2.38296608935,0.5794143796,0.0,0.0,0.0,0.0,0.0,0.0,0.0,0.0
Waste Management,0.55095625398,0.0,1.0673211956,0.0,0.84140842918,0.79361702442,0.87839827064,1.06917285915,0.9055869674500001,0.87839827064,0.0,0.0,0.0,0.0,0.0,0.0,0.41992141961,0.0,0.0,0.54785376547,0.0,0.70174194816,0.0,0.0,0.0,0.0,0.0,1.03246961598,0.0,1.04816705708,1.0863635063600001,0.0,0.0,0.6577029657,0.0,0.0,1.04362365723,1.05722920413,0.82557225223,1.07944129942,0.0,0.0,0.0,0.0,0.0,0.8524924993199999,0.8377986240799999,0.76698578836,0.33,0.0,0.0,0.0,0.0,0.28738721605,0.0,0.38949215415,0.0,0.5985193348200001,0.57799430843,0.0,0.0,0.33,0.9366563320399999,0.0,0.0,0.50077020169,0.0,0.33,0.0,0.33,0.33,0.0,0.87852840427,0.0,0.7838483477,0.60458321572,0.86500394816,0.0,0.0,0.47220589636000004,0.40059919833999996,0.0,0.81926698689,0.0,0.0,0.92968450542,0.9862948894700001,0.85758182048,0.33,0.0,0.0,0.7837430762700001,1.09585166933,0.55083414551,0.98805192948,0.55124998566,1.07944129942,0.33,0.80230865,0.76754770752,0.84121168142,0.37533617495000005,0.0,0.59899580961,0.66995813368,0.0,0.33,0.0,0.52929574489,0.0,0.0,0.8438243198,0.75509636884,1.02431604385,0.33,0.30609779354000005,0.0,0.0,0.0,0.59051409725,0.0,0.60168791298,0.0,0.8128004313,0.0,0.33,0.0,0.71143383498,0.6019939184599999,0.81241275786,0.0,0.33,0.38666058068,0.0,0.42091420646000005,0.0,0.0,0.0,0.0,0.8893024826399999,0.33,0.47495674611,0.8702463245300001,0.33,0.0,0.0,0.7135455036599999,0.0,0.41332897903,0.68979194636,0.56686927319,0.5555469656,0.7670829820499999,0.0,0.39218672273,0.0,0.0,0.33,0.0,0.74321932795,0.0,0.0,0.6762840128000001,0.5073018503300001,0.0,0.0,0.0,0.0,0.0,0.86567197805,0.0,0.0,0.0,0.0,0.0,0.57013882156,0.33,0.33,0.0,0.33,0.0,0.0,0.33,0.8650262927900001,0.33,0.69878648279,0.59342571255,0.0,0.91613665583,0.54616375924,0.0,0.54817052367,0.0,0.90680354116,0.0,0.54855226998,0.0,0.9354452133400001,0.0,0.0,0.8998973846499999,0.0,0.60580026155,0.0,0.0,0.74376183992,0.5314130258800001,0.21363659141,0.33,0.45735991003999993,0.9802847194800001,0.0,0.0,0.72745731828,0.0,0.93111791608,0.0,1.08347234721,0.0,0.0,0.0,0.33,0.0,0.0,1.07944129942,0.0,0.0,0.33,0.33,1.04606624606,0.79512491707,0.36977344756,0.0,0.0,0.0,0.33,0.0,0.0,0.33,0.0,0.0,0.33,0.0,0.0,0.87235316751,0.5096912002599999,1.08010849001,0.0,1.07493115422,0.0,0.0,0.0,0.49545271401999996,0.53379335405,0.33,0.0,0.69454410553,0.33,0.0,0.61800114156,0.5436674070299999,0.35688743827,0.0,0.16435596705,0.0,0.70916549209,0.0,0.80599309439,0.8290096474,0.33,0.0,0.33,0.0,1.07944129942,0.0,0.87386373525,0.7298701667399999,0.0,0.79167787072,0.7215333796,0.33,0.0,0.68995481016,0.74687387467,0.0,0.5745053529599999,0.33437877891,0.33,0.49673978331999996,0.0,1.07944129942,0.0,0.0,0.0,0.9676420879400001,0.30465119124,0.27985779767,0.0,0.0,0.0,0.0,0.0,1.1,0.0,0.5285807180500001,0.81254472728,0.0,0.72134769916,0.59369757172,0.33,0.7525163031100001,0.34364095216,0.0,0.0,0.28902516368000003,0.0,1.01553105357,0.0,0.8148956299,0.5957858467,0.69432532785,0.0,0.56437119002,0.0,0.0,0.0,0.0,0.33,0.87784007553,0.33,0.68823055268,0.90998561385,0.21230415705,0.6295340537999999,0.8219419955999999,0.9020758152,0.96531443595,0.82856934075,0.39784802205,0.76289770605,0.0,1.5,0.0,0.0,0.0,0.0,0.0,0.0
Water Management,1.0722498177,0.0,2.5643792150999998,1.6747169495999998,1.4457581519999998,1.2891632079,1.9277519703,2.7978323937,0.0,2.9926769255999996,0.8999999999999999,0.0,1.6363354683,0.0,0.0,0.0,1.5364887714,1.5170233728,0.8999999999999999,1.7291805267,0.0,2.1215233326,0.8999999999999999,0.8999999999999999,1.9167243002999999,0.0,0.8999999999999999,2.4313010217,1.0133320569,2.6168712615,1.5680135249999998,0.0,0.0,2.0028008937,1.3205540658000001,1.9031447412,2.5483709334,1.9154617311,1.2932427405,2.5431272508,0.0,0.0,1.8405182360999999,0.0,0.0,2.4447031974,0.8422810794,1.8664970396999998,0.8999999999999999,0.0,0.0,2.1123101235,0.9996534348,1.3302616595999999,0.8999999999999999,0.8999999999999999,0.0,1.9842297078,2.0118334292999998,0.0,0.8999999999999999,1.3862242698,1.6405963899,0.8453017473000001,1.5615374565,1.0633206366,0.0,1.5981925965000001,1.1707305192,0.7989673377,1.4353820802,1.4824908258,1.4350162982999999,1.5606637002000001,2.4513004302000003,0.6652419089999999,1.8656496048,0.8999999999999999,1.8694081304999999,1.2438139914,2.0204114913,0.0,0.7701079845,1.4054007054,0.0,1.6177845953999999,2.4452862741,1.8716378687999997,2.0525327682,0.8999999999999999,0.0,1.6576542377999999,1.8624835968,1.8422757627,0.8999999999999999,1.0249261379999999,2.4227345465999996,1.9883571623999998,1.9278785706,2.5274216652,1.0619097948,2.0150649549,0.0,1.3418179035,0.3806682228,0.0,1.9557342050999997,0.0,0.9223978044,0.0,0.8999999999999999,1.6520220279,1.7701636791,2.1606179238,0.8999999999999999,0.9877762556999999,0.8999999999999999,1.8117279054,0.0,1.9358432291999998,0.8999999999999999,2.1221886636,0.0,2.0374760628,0.0,0.0,0.0,1.6947805880999998,1.3516068935999999,1.7984200002,0.0,0.0,1.7549195766,0.8999999999999999,1.8144490242,0.0,0.6850021362000001,0.8999999999999999,0.0,1.2375357627,2.4879784584,1.9046180247,1.8957085133999998,0.0,1.4157347202,0.8999999999999999,1.2443285465999998,0.0,1.1820735456,1.623293352,1.6648733138999998,2.0809910775,1.3916530608000002,0.8999999999999999,0.9760942698,2.6682655335,0.0,1.3285730837999998,1.6875965595,2.4726505280999995,0.0,1.9706883429,1.8414679527,2.0617897512,0.0,0.0,0.38970515729999994,1.6052925111,0.0,1.3511640072,1.9932151794,0.8999999999999999,0.0,1.9162058829,0.0,1.3260382176,0.8999999999999999,0.8999999999999999,0.0,2.0101017950999998,2.1693856715999997,0.0,1.0444304466,1.410330963,0.8999999999999999,2.9067875861999997,1.9792429446,0.0,2.4775182722999998,1.2904289247,0.0,1.74313488,0.0,1.99793787,0.0,1.7387569428,0.0,2.3459411145,0.0,0.0,2.3888401509,0.0,1.4567938328999999,0.0,1.4388301848,1.9243941305999999,1.5251090526,1.3346084118000001,0.0,2.0054059982999997,2.401702881,0.0,0.0,2.9102222442,0.0,1.485321951,0.0,2.4599973678,0.8999999999999999,0.0,0.0,1.2599521638,0.0,1.5667024611,0.0,0.0,0.0,1.5317876816999998,0.8999999999999999,1.5055485249,1.9746784686,1.9665241241999998,0.0,0.8999999999999999,1.6376858712,0.8999999999999999,0.0,1.9612290857999999,2.2655073165,1.2050620079999999,0.0,0.0,1.793533659,1.755860424,1.4239524362999998,0.9767758367999999,1.6505048274,0.8371604205,2.5398382187999995,0.8999999999999999,0.0,0.0,0.9176777601,1.0893649578,0.8999999999999999,2.8615980147,1.2783963204,0.0,0.0,1.6202322006,1.4646283149,1.197270012,0.0,1.4829537392999999,1.9382244588,1.6465118409,0.0,2.1049974918,1.6367483138999999,1.7189157486,0.8999999999999999,0.8999999999999999,0.8999999999999999,2.0816509725,1.267163658,2.1398985387,1.1144303799,0.0,2.5071318626999997,1.6153388498999999,0.8999999999999999,0.8999999999999999,2.0472726344999996,0.8999999999999999,0.0,2.3315860749,1.9695828438,0.8999999999999999,2.0204715729,0.8999999999999999,1.3129144191,0.0,1.5687066078,0.0,2.3936240672999998,1.4410856723999999,1.0127013444,0.8999999999999999,0.0,1.173794961,1.2609349251000002,0.8999999999999999,2.0085079194,0.0,1.0721085549,1.9372750281,0.0,1.1628329514,1.8879434109,0.8999999999999999,1.8403354167,1.3933758258,0.0,0.0,1.1899372100999999,0.8999999999999999,1.2513536453999998,0.8999999999999999,2.1727621077,2.1178328990999997,2.0817099092999998,0.0,1.3476134778,0.0,1.9502102852999998,0.8999999999999999,0.8999999999999999,0.8999999999999999,1.1103466272,0.8999999999999999,1.2006049632,,,,,,,,,,,,,,,,,
ENVIRONMENTAL SCORE,3.06800992938,0.0,7.32563970557,1.71922842843,4.18185642571,3.13103322256,4.83216449508,7.91885351188,4.302853154999999,6.34609573821,0.9445114788299999,0.0,3.15883764278,0.04451147883,2.06500362741,0.0,3.9343681549599996,3.5189388930299996,0.8999999999999999,5.398676109210001,0.0,5.887834725399999,0.9445114788299999,0.9445114788299999,3.69292055913,0.0,2.84112447025,6.4718056895,1.05784353573,7.01039366709,4.51967106839,0.0,0.0,5.8472570657,2.72235457293,5.95523733145,5.41797976945,7.201710615299999,4.7280812882,6.59858111386,0.0,0.0,4.50044182776,0.0,0.0,6.7769843863500006,2.11943365838,5.46756810648,1.27451147883,0.0,0.0,2.15682160233,1.51929501544,2.9607704626699998,1.86019695753,2.71629472578,0.04451147883,3.50477654587,3.9576638103299997,3.4154715919400003,2.8140545152999996,4.31036956294,5.343913960729999,2.34092854374,2.3723780091299997,2.8684061835900003,0.34470488546,3.06427568283,2.53695825317,1.7460517272299998,3.06811809393,4.99793961541,4.5906229950899995,3.6701901915,6.07575240601,1.8776206408999998,4.84634242512,2.7781385684299997,3.56302503563,3.3811768125299997,3.52580254181,1.7651455808299998,1.87388645022,2.7977618908,1.22453557006,4.10364689583,5.59296945349,6.098997034959999,4.96721371503,3.22565122355,1.8791784214200002,4.47141905296,4.62390750188,3.91965504645,1.88805192948,2.28677971139,5.00098062272,4.51816356663,4.5672724770999995,5.99522767539,4.39491208563,4.090629191610001,0.0,2.8148358560699998,2.30678877901,0.0,5.3501752375,0.0,2.21095766796,0.28451147883,0.9445114788299999,4.50043585273,5.53802516694,5.09548592335,1.38272827713,2.57579122542,0.8999999999999999,1.85623938423,2.7952787281899996,4.6785545111,3.23294799456,4.67204267048,0.0,6.499978394419999,0.0,0.61451147883,0.0,4.242841558329999,3.19916337142,5.1483516862,0.0,3.02293196182,3.7586539506000003,0.9445114788299999,4.1360948117900005,0.06800301014,0.72951361503,0.8999999999999999,1.4847637866899999,3.5392166209500004,6.33304205892,4.76383738254,6.4943220234,0.61451147883,3.15405379068,3.5226041962,1.9578740502599996,0.0,2.45372731232,3.44965196831,3.67103943098,4.47942231538,3.36430052272,1.1192553698999999,3.0954720069899997,6.69532525066,0.04451147883,2.66966714703,3.2374891210700003,6.412887945309999,2.0499857427,4.13003023357,5.2467440844199995,4.75242176544,1.3549304521499999,0.04451147883,1.9611599563499997,4.9092921161,0.24,4.77464379307,4.65856790287,0.9445114788299999,0.0,5.0393588589,0.0,4.18241439352,1.8217837557299998,1.5145114788299998,0.0,4.1422077034800004,3.63155047263,0.28451147883,2.43778809308,6.52478346819,2.4909420191200002,6.50347674368,4.33703026757,0.0,6.903427162250001,4.52853321099,0.04451147883,4.51861463083,0.24,4.41665847308,0.28451147883,5.184980230320001,0.0,5.3217929030099995,0.0,0.0,6.092119750989999,0.0,3.92811797059,0.0,3.5425636194,3.6549105716699994,3.74331597814,2.3643484042600003,2.6044470930099997,4.512035570309999,7.46183449752,0.0,2.12567761189,6.563847517939999,0.04451147883,5.2551227571400005,0.0,5.774209659029999,0.9445114788299999,0.04451147883,0.0,4.5807177735,1.47224563114,5.77951967219,3.34139438639,0.28451147883,0.04451147883,3.41019121183,1.5145114788299998,4.13975963581,6.47381993752,3.73020041241,0.0,3.37462124349,3.99001659633,1.27451147883,0.0,4.210073373929999,4.4205598640999995,3.3529602697299996,0.24,0.33,3.86462364207,3.70075042714,4.71529322618,1.5309785158899998,4.03049993516,1.39773887013,6.35880638838,0.9445114788299999,0.04451147883,0.0,4.43319046974,2.4763796222799996,1.23,5.33108021013,4.592610640549999,0.37451147883,0.0,4.29029954911,4.70253260129,2.48347087861,0.0,4.322207329449999,3.78868086839,3.74710506918,0.28451147883,6.32453071098,5.25311721798,3.7513173151999997,1.18451147883,1.27451147883,3.42854454527,5.20387079017,2.8443447421099997,4.38227357631,3.10415490878,2.1901645946799997,5.18246822367,4.10336837528,3.39463209636,0.9445114788299999,4.84859946009,1.6913853534999999,0.0,7.07559728162,4.990401046280001,1.5145114788299998,4.47847938796,0.9445114788299999,3.89123168205,0.83050861598,4.21594080929,0.0,5.8885724735,4.32320588355,2.01844148147,3.69997950064,0.0,3.45539850721,3.50766912949,0.9445114788299999,4.78002292493,0.0,3.3628352022500003,5.52013787725,0.0,3.78096216411,4.94628858092,3.72896227842,4.8562499331,4.491809287030001,0.0,0.0,1.52347385261,1.8980539417,3.0006283416099997,0.9445114788299999,5.43884548408,4.38435527321,5.50749901741,0.0,3.73191413404,0.0,3.50225657934,3.4823384382099998,2.60031657464,3.364563999,3.74597954763,4.9136419581999995,4.58101487169,6.025596022799999,1.6525277079,3.53265056625,4.22505850805,6.5236334323,3.5982805253,3.57856934075,3.0308141114,1.59231208565,0.25,3.6644155977499997,0.4968851805,0.0,0.0,0.0,0.0,0.0
Mean Environmental,2.945399878491722,2.945399878491722,2.945399878491722,2.945399878491722,2.945399878491722,2.945399878491722,2.945399878491722,2.945399878491722,2.945399878491722,2.945399878491722,2.945399878491722,2.945399878491722,2.945399878491722,2.945399878491722,2.945399878491722,2.945399878491722,2.945399878491722,2.945399878491722,2.945399878491722,2.945399878491722,2.945399878491722,2.945399878491722,2.945399878491722,2.945399878491722,2.945399878491722,2.945399878491722,2.945399878491722,2.945399878491722,2.945399878491722,2.945399878491722,2.945399878491722,2.945399878491722,2.945399878491722,2.945399878491722,2.945399878491722,2.945399878491722,2.945399878491722,2.945399878491722,2.945399878491722,2.945399878491722,2.945399878491722,2.945399878491722,2.945399878491722,2.945399878491722,2.945399878491722,2.945399878491722,2.945399878491722,2.945399878491722,2.945399878491722,2.945399878491722,2.945399878491722,2.945399878491722,2.945399878491722,2.945399878491722,2.945399878491722,2.945399878491722,2.945399878491722,2.945399878491722,2.945399878491722,2.945399878491722,2.945399878491722,2.945399878491722,2.945399878491722,2.945399878491722,2.945399878491722,2.945399878491722,2.945399878491722,2.945399878491722,2.945399878491722,2.945399878491722,2.945399878491722,2.945399878491722,2.945399878491722,2.945399878491722,2.945399878491722,2.945399878491722,2.945399878491722,2.945399878491722,2.945399878491722,2.945399878491722,2.945399878491722,2.945399878491722,2.945399878491722,2.945399878491722,2.945399878491722,2.945399878491722,2.945399878491722,2.945399878491722,2.945399878491722,2.945399878491722,2.945399878491722,2.945399878491722,2.945399878491722,2.945399878491722,2.945399878491722,2.945399878491722,2.945399878491722,2.945399878491722,2.945399878491722,2.945399878491722,2.945399878491722,2.945399878491722,2.945399878491722,2.945399878491722,2.945399878491722,2.945399878491722,2.945399878491722,2.945399878491722,2.945399878491722,2.945399878491722,2.945399878491722,2.945399878491722,2.945399878491722,2.945399878491722,2.945399878491722,2.945399878491722,2.945399878491722,2.945399878491722,2.945399878491722,2.945399878491722,2.945399878491722,2.945399878491722,2.945399878491722,2.945399878491722,2.945399878491722,2.945399878491722,2.945399878491722,2.945399878491722,2.945399878491722,2.945399878491722,2.945399878491722,2.945399878491722,2.945399878491722,2.945399878491722,2.945399878491722,2.945399878491722,2.945399878491722,2.945399878491722,2.945399878491722,2.945399878491722,2.945399878491722,2.945399878491722,2.945399878491722,2.945399878491722,2.945399878491722,2.945399878491722,2.945399878491722,2.945399878491722,2.945399878491722,2.945399878491722,2.945399878491722,2.945399878491722,2.945399878491722,2.945399878491722,2.945399878491722,2.945399878491722,2.945399878491722,2.945399878491722,2.945399878491722,2.945399878491722,2.945399878491722,2.945399878491722,2.945399878491722,2.945399878491722,2.945399878491722,2.945399878491722,2.945399878491722,2.945399878491722,2.945399878491722,2.945399878491722,2.945399878491722,2.945399878491722,2.945399878491722,2.945399878491722,2.945399878491722,2.945399878491722,2.945399878491722,2.945399878491722,2.945399878491722,2.945399878491722,2.945399878491722,2.945399878491722,2.945399878491722,2.945399878491722,2.945399878491722,2.945399878491722,2.945399878491722,2.945399878491722,2.945399878491722,2.945399878491722,2.945399878491722,2.945399878491722,2.945399878491722,2.945399878491722,2.945399878491722,2.945399878491722,2.945399878491722,2.945399878491722,2.945399878491722,2.945399878491722,2.945399878491722,2.945399878491722,2.945399878491722,2.945399878491722,2.945399878491722,2.945399878491722,2.945399878491722,2.945399878491722,2.945399878491722,2.945399878491722,2.945399878491722,2.945399878491722,2.945399878491722,2.945399878491722,2.945399878491722,2.945399878491722,2.945399878491722,2.945399878491722,2.945399878491722,2.945399878491722,2.945399878491722,2.945399878491722,2.945399878491722,2.945399878491722,2.945399878491722,2.945399878491722,2.945399878491722,2.945399878491722,2.945399878491722,2.945399878491722,2.945399878491722,2.945399878491722,2.945399878491722,2.945399878491722,2.945399878491722,2.945399878491722,2.945399878491722,2.945399878491722,2.945399878491722,2.945399878491722,2.945399878491722,2.945399878491722,2.945399878491722,2.945399878491722,2.945399878491722,2.945399878491722,2.945399878491722,2.945399878491722,2.945399878491722,2.945399878491722,2.945399878491722,2.945399878491722,2.945399878491722,2.945399878491722,2.945399878491722,2.945399878491722,2.945399878491722,2.945399878491722,2.945399878491722,2.945399878491722,2.945399878491722,2.945399878491722,2.945399878491722,2.945399878491722,2.945399878491722,2.945399878491722,2.945399878491722,2.945399878491722,2.945399878491722,2.945399878491722,2.945399878491722,2.945399878491722,2.945399878491722,2.945399878491722,2.945399878491722,2.945399878491722,2.945399878491722,2.945399878491722,2.945399878491722,2.945399878491722,2.945399878491722,2.945399878491722,2.945399878491722,2.945399878491722,2.945399878491722,2.945399878491722,2.945399878491722,2.945399878491722,2.945399878491722,2.945399878491722,2.945399878491722,2.945399878491722,2.945399878491722,2.945399878491722,2.945399878491722,2.945399878491722,2.945399878491722,2.945399878491722,2.945399878491722,2.945399878491722,2.945399878491722,2.945399878491722,2.945399878491722,2.945399878491722,2.945399878491722,2.945399878491722,2.945399878491722,2.945399878491722,2.945399878491722,2.945399878491722,2.945399878491722,2.945399878491722,2.945399878491722,2.945399878491722,2.945399878491722,2.945399878491722,2.945399878491722,2.945399878491722,2.945399878491722,2.945399878491722,2.945399878491722,2.945399878491722,2.945399878491722,2.945399878491722,2.945399878491722,2.945399878491722,2.945399878491722,2.945399878491722,2.945399878491722,2.945399878491722,2.945399878491722,2.2453378281558822,2.2453378281558822,2.2453378281558822,2.2453378281558822,2.2453378281558822,2.2453378281558822,2.2453378281558822,2.2453378281558822,2.2453378281558822,2.2453378281558822,2.2453378281558822,2.2453378281558822,2.2453378281558822,2.2453378281558822,2.2453378281558822,2.2453378281558822,2.2453378281558822
