Industry,type,ISIN,Air Quality,Climate Exposure,Ecological Impact,Energy Management,Environmental Supply Chain Management,GHG Emissions Management,Sustainable Finance,Sustainable Product,Waste Management,Water Management,ENVIRONMENTAL SCORE,Mean Environmental
Semiconductors,Environmental,CNE100004ZD8,,,,1.4448038577,,0.0,,0.0,0.55095625398,1.0722498177,3.06800992938,2.945399878491722
Semiconductors,Environmental,US00108J1097,,,,0.0,,0.0,,0.0,0.0,0.0,0.0,2.945399878491722
Semiconductors,Environmental,US0079031078,,,,2.4468154908,,0.76712380407,,0.48,1.0673211956,2.5643792150999998,7.32563970557,2.945399878491722
Semiconductors,Environmental,TW0003438008,,,,0.0,,0.04451147883,,0.0,0.0,1.6747169495999998,1.71922842843,2.945399878491722
Semiconductors,Environmental,CNE100003MM9,,,,1.3701783657,,0.04451147883,,0.48,0.84140842918,1.4457581519999998,4.18185642571,2.945399878491722
Semiconductors,Environmental,TW0003437000,,,,0.8446761846,,0.20357680564,,0.0,0.79361702442,1.2891632079,3.13103322256,2.945399878491722
Semiconductors,Environmental,TW0008261009,,,,1.434469986,,0.35154426814,,0.24,0.87839827064,1.9277519703,4.83216449508,2.945399878491722
Semiconductors,Environmental,JP3122400009,,,,2.5619104386,,1.24993782043,,0.24,1.06917285915,2.7978323937,7.91885351188,2.945399878491722
Semiconductors,Environmental,DE000A0WMPJ6,,,,2.0386492251,,1.11861696245,,0.24,0.9055869674500001,0.0,4.302853154999999,2.945399878491722
Semiconductors,Environmental,KYG022421088,,,,2.0883512018999997,,0.38666934007000003,,0.0,0.87839827064,2.9926769255999996,6.34609573821,2.945399878491722
Semiconductors,Environmental,TW0003041000,,,,0.0,,0.04451147883,,0.0,0.0,0.8999999999999999,0.9445114788299999,2.945399878491722
Semiconductors,Environmental,CNE100001ZN3,,,,0.0,,0.0,,0.0,0.0,0.0,0.0,2.945399878491722
Semiconductors,Environmental,US01749D1054,,,,0.9362325668999999,,0.34626960758,,0.24,0.0,1.6363354683,3.15883764278,2.945399878491722
Semiconductors,Environmental,BMG6331P1041,,,,0.0,,0.04451147883,,0.0,0.0,0.0,0.04451147883,2.945399878491722
Semiconductors,Environmental,GB00BNDRMJ14,,,,1.8245914935,,0.24041213391,,0.0,0.0,0.0,2.06500362741,2.945399878491722
Semiconductors,Environmental,KYG037AX1015,,,,0.0,,0.0,,0.0,0.0,0.0,0.0,2.945399878491722
Semiconductors,Environmental,US0316521006,,,,1.3023572445,,0.43560071945000006,,0.24,0.41992141961,1.5364887714,3.9343681549599996,2.945399878491722
Semiconductors,Environmental,CNE100003LZ3,,,,1.9574040413999998,,0.04451147883,,0.0,0.0,1.5170233728,3.5189388930299996,2.945399878491722
Semiconductors,Environmental,TW0002493004,,,,0.0,,0.0,,0.0,0.0,0.8999999999999999,0.8999999999999999,2.945399878491722
Semiconductors,Environmental,AT0000A18XM4,,,,1.736394453,,1.14524736404,,0.24,0.54785376547,1.7291805267,5.398676109210001,2.945399878491722
Semiconductors,Environmental,US0323325045,,,,0.0,,0.0,,0.0,0.0,0.0,0.0,2.945399878491722
Semiconductors,Environmental,US0326541051,,,,2.0594833374,,0.76508610724,,0.24,0.70174194816,2.1215233326,5.887834725399999,2.945399878491722
Semiconductors,Environmental,TW0006291008,,,,0.0,,0.04451147883,,0.0,0.0,0.8999999999999999,0.9445114788299999,2.945399878491722
Semiconductors,Environmental,TW0006533003,,,,0.0,,0.04451147883,,0.0,0.0,0.8999999999999999,0.9445114788299999,2.945399878491722
Semiconductors,Environmental,TW0006138001,,,,1.73168478,,0.04451147883,,0.0,0.0,1.9167243002999999,3.69292055913,2.945399878491722
Semiconductors,Environmental,JP3105280006,,,,0.0,,0.0,,0.0,0.0,0.0,0.0,2.945399878491722
Semiconductors,Environmental,TW0006531007,,,,1.5714782238,,0.36964624645,,0.0,0.0,0.8999999999999999,2.84112447025,2.945399878491722
Semiconductors,Environmental,TW0008271008,,,,2.4274097441999998,,0.34062530762,,0.24,1.03246961598,2.4313010217,6.4718056895,2.945399878491722
Semiconductors,Environmental,TW0006449002,,,,0.0,,0.04451147883,,0.0,0.0,1.0133320569,1.05784353573,2.945399878491722
Semiconductors,Environmental,US0382221051,,,,2.2297881603,,0.8755671882100001,,0.24,1.04816705708,2.6168712615,7.01039366709,2.945399878491722
Semiconductors,Environmental,TW0003264008,,,,1.0015665294,,0.8637275076300001,,0.0,1.0863635063600001,1.5680135249999998,4.51967106839,2.945399878491722
Semiconductors,Environmental,NO0010946593,,,,0.0,,0.0,,0.0,0.0,0.0,0.0,2.945399878491722
Semiconductors,Environmental,US04302A1043,,,,0.0,,0.0,,0.0,0.0,0.0,0.0,2.945399878491722
Semiconductors,Environmental,TW0003711008,,,,1.5333486557999998,,1.1734045505000001,,0.48,0.6577029657,2.0028008937,5.8472570657,2.945399878491722
Semiconductors,Environmental,TW0003169009,,,,1.3572890282999999,,0.04451147883,,0.0,0.0,1.3205540658000001,2.72235457293,2.945399878491722
Semiconductors,Environmental,NL0000334118,,,,2.5635569571,,1.24853563315,,0.24,0.0,1.9031447412,5.95523733145,2.945399878491722
Semiconductors,Environmental,TW0005269005,,,,1.2289187906999999,,0.35706638811999997,,0.24,1.04362365723,2.5483709334,5.41797976945,2.945399878491722
Semiconductors,Environmental,NL0010273215,,,,2.66059227,,1.08842741007,,0.48,1.05722920413,1.9154617311,7.201710615299999,2.945399878491722
Semiconductors,Environmental,KYG0535Q1331,,,,1.6378920077999999,,0.73137428767,,0.24,0.82557225223,1.2932427405,4.7280812882,2.945399878491722
Semiconductors,Environmental,TW0005274005,,,,1.4517568587,,1.28425570494,,0.24,1.07944129942,2.5431272508,6.59858111386,2.945399878491722
Semiconductors,Environmental,US04965B1008,,,,0.0,,0.0,,0.0,0.0,0.0,0.0,2.945399878491722
Semiconductors,Environmental,KR7017900002,,,,0.0,,0.0,,0.0,0.0,0.0,0.0,2.945399878491722
Semiconductors,Environmental,US0545402085,,,,1.7757561207,,0.6441674709599999,,0.24,0.0,1.8405182360999999,4.50044182776,2.945399878491722
Semiconductors,Environmental,JP3108080007,,,,0.0,,0.0,,0.0,0.0,0.0,0.0,2.945399878491722
Semiconductors,Environmental,US00246W1036,,,,0.0,,0.0,,0.0,0.0,0.0,0.0,2.945399878491722
Semiconductors,Environmental,NL0012866412,,,,2.3088106155,,0.9309780741300001,,0.24,0.8524924993199999,2.4447031974,6.7769843863500006,2.945399878491722
Semiconductors,Environmental,TW0003031001,,,,0.4393539549,,0.0,,0.0,0.8377986240799999,0.8422810794,2.11943365838,2.945399878491722
Semiconductors,Environmental,US11135F1012,,,,1.9426135538999998,,0.89147172452,,0.0,0.76698578836,1.8664970396999998,5.46756810648,2.945399878491722
Semiconductors,Environmental,CNE100001XM0,,,,0.0,,0.04451147883,,0.0,0.33,0.8999999999999999,1.27451147883,2.945399878491722
Semiconductors,Environmental,DE000A1TNMM9,,,,0.0,,0.0,,0.0,0.0,0.0,0.0,2.945399878491722
Semiconductors,Environmental,US1572101053,,,,0.0,,0.0,,0.0,0.0,0.0,0.0,2.945399878491722
Semiconductors,Environmental,TW0003257002,,,,0.0,,0.04451147883,,0.0,0.0,2.1123101235,2.15682160233,2.945399878491722
Semiconductors,Environmental,TW0008070004,,,,0.0,,0.51964158064,,0.0,0.0,0.9996534348,1.51929501544,2.945399878491722
Semiconductors,Environmental,TW0006548001,,,,1.0957850217,,0.24733656532,,0.0,0.28738721605,1.3302616595999999,2.9607704626699998,2.945399878491722
Semiconductors,Environmental,TW0001597003,,,,0.8073861836999999,,0.15281077383,,0.0,0.0,0.8999999999999999,1.86019695753,2.945399878491722
Semiconductors,Environmental,CNE100003S06,,,,1.1422910927999999,,0.04451147883,,0.24,0.38949215415,0.8999999999999999,2.71629472578,2.945399878491722
Semiconductors,Environmental,TW0008084005,,,,0.0,,0.04451147883,,0.0,0.0,0.0,0.04451147883,2.945399878491722
Semiconductors,Environmental,TW0006147002,,,,0.6818422794,,0.24018522385000002,,0.0,0.5985193348200001,1.9842297078,3.50477654587,2.945399878491722
Semiconductors,Environmental,TW0008150004,,,,0.4964723469,,0.8713637257000001,,0.0,0.57799430843,2.0118334292999998,3.9576638103299997,2.945399878491722
Semiconductors,Environmental,US1727551004,,,,2.6661738396,,0.5092977523400001,,0.24,0.0,0.0,3.4154715919400003,2.945399878491722
Semiconductors,Environmental,GB0001602944,,,,1.6388195514,,0.2752349639,,0.0,0.0,0.8999999999999999,2.8140545152999996,2.945399878491722
Semiconductors,Environmental,US19247G1076,,,,1.7899578093,,0.80418748384,,0.0,0.33,1.3862242698,4.31036956294,2.945399878491722
Semiconductors,Environmental,US1925761066,,,,1.9855527879,,0.30110845089000005,,0.48,0.9366563320399999,1.6405963899,5.343913960729999,2.945399878491722
Semiconductors,Environmental,KYG234201138,,,,1.2550374984000001,,0.24058929803999998,,0.0,0.0,0.8453017473000001,2.34092854374,2.945399878491722
Semiconductors,Environmental,TW0002466000,,,,0.7663290737999999,,0.04451147883,,0.0,0.0,1.5615374565,2.3723780091299997,2.945399878491722
Semiconductors,Environmental,MYL7204OO000,,,,0.9441106797,,0.3602046656,,0.0,0.50077020169,1.0633206366,2.8684061835900003,2.945399878491722
Semiconductors,Environmental,JP3487600003,,,,0.0,,0.34470488546,,0.0,0.0,0.0,0.34470488546,2.945399878491722
Semiconductors,Environmental,CNE000000X87,,,,0.8515716074999999,,0.04451147883,,0.24,0.33,1.5981925965000001,3.06427568283,2.945399878491722
Semiconductors,Environmental,TW0003094009,,,,0.9070121525999999,,0.45921558137,,0.0,0.0,1.1707305192,2.53695825317,2.945399878491722
Semiconductors,Environmental,KR7000990002,,,,0.5725729106999999,,0.04451147883,,0.0,0.33,0.7989673377,1.7460517272299998,2.945399878491722
Semiconductors,Environmental,US2545431015,,,,1.2582245348999999,,0.04451147883,,0.0,0.33,1.4353820802,3.06811809393,2.945399878491722
Semiconductors,Environmental,JP3548600000,,,,2.1583787442,,0.87707004541,,0.48,0.0,1.4824908258,4.99793961541,2.945399878491722
Semiconductors,Environmental,CNE100001RT7,,,,1.9281449319,,0.34893336061999997,,0.0,0.87852840427,1.4350162982999999,4.5906229950899995,2.945399878491722
Semiconductors,Environmental,TW0003048005,,,,2.1095264913,,0.0,,0.0,0.0,1.5606637002000001,3.6701901915,2.945399878491722
Semiconductors,Environmental,TW0002458007,,,,1.3547490119999999,,1.24585461611,,0.24,0.7838483477,2.4513004302000003,6.07575240601,2.945399878491722
Semiconductors,Environmental,TW0003450003,,,,0.403725171,,0.20407034518,,0.0,0.60458321572,0.6652419089999999,1.8776206408999998,2.945399878491722
Semiconductors,Environmental,TW0003006003,,,,1.356516981,,0.5191718911600001,,0.24,0.86500394816,1.8656496048,4.84634242512,2.945399878491722
Semiconductors,Environmental,DE0005677108,,,,1.3903129577999997,,0.24782561063,,0.24,0.0,0.8999999999999999,2.7781385684299997,2.945399878491722
Semiconductors,Environmental,TW0003529004,,,,1.0879274367,,0.36568946843,,0.24,0.0,1.8694081304999999,3.56302503563,2.945399878491722
Semiconductors,Environmental,TW0003714002,,,,0.5541839004,,0.63097302437,,0.48,0.47220589636000004,1.2438139914,3.3811768125299997,2.945399878491722
Semiconductors,Environmental,US29362U1043,,,,0.9245756148,,0.18021623737,,0.0,0.40059919833999996,2.0204114913,3.52580254181,2.945399878491722
Semiconductors,Environmental,KR7039030002,,,,1.4448105812999998,,0.32033499953,,0.0,0.0,0.0,1.7651455808299998,2.945399878491722
Semiconductors,Environmental,TW0003016002,,,,0.0,,0.04451147883,,0.24,0.81926698689,0.7701079845,1.87388645022,2.945399878491722
Semiconductors,Environmental,TW0005351001,,,,1.0557487248,,0.3366124606,,0.0,0.0,1.4054007054,2.7977618908,2.945399878491722
Semiconductors,Environmental,KR7084370006,,,,0.9228189468,,0.30171662326,,0.0,0.0,0.0,1.22453557006,2.945399878491722
Semiconductors,Environmental,TW0002393006,,,,1.0190739156,,0.29710387941,,0.24,0.92968450542,1.6177845953999999,4.10364689583,2.945399878491722
Semiconductors,Environmental,TW0006288004,,,,1.3991528034,,0.28223548652,,0.48,0.9862948894700001,2.4452862741,5.59296945349,2.945399878491722
Semiconductors,Environmental,TW0003035002,,,,1.9686990737999999,,0.9210782718800001,,0.48,0.85758182048,1.8716378687999997,6.098997034959999,2.945399878491722
Semiconductors,Environmental,TW0004961008,,,,2.300169468,,0.04451147883,,0.24,0.33,2.0525327682,4.96721371503,2.945399878491722
Semiconductors,Environmental,TW0003545000,,,,2.0326774119,,0.29297381165,,0.0,0.0,0.8999999999999999,3.22565122355,2.945399878491722
Semiconductors,Environmental,US3463751087,,,,1.550340414,,0.32883800742,,0.0,0.0,0.0,1.8791784214200002,2.945399878491722
Semiconductors,Environmental,TW0008131004,,,,0.6792725085,,0.8707492303900001,,0.48,0.7837430762700001,1.6576542377999999,4.47141905296,2.945399878491722
Semiconductors,Environmental,TW0003532008,,,,0.4880817534,,1.17749048235,,0.0,1.09585166933,1.8624835968,4.62390750188,2.945399878491722
Semiconductors,Environmental,TW0003413001,,,,1.0182461499,,0.5082989883400001,,0.0,0.55083414551,1.8422757627,3.91965504645,2.945399878491722
Semiconductors,Environmental,CNE100004PM0,,,,0.0,,0.0,,0.0,0.98805192948,0.8999999999999999,1.88805192948,2.945399878491722
Semiconductors,Environmental,KYG3790U1040,,,,0.4018140078,,0.30878957993,,0.0,0.55124998566,1.0249261379999999,2.28677971139,2.945399878491722
Semiconductors,Environmental,TW0004952007,,,,1.1644854069,,0.33431936980000004,,0.0,1.07944129942,2.4227345465999996,5.00098062272,2.945399878491722
Semiconductors,Environmental,CNE1000030S9,,,,1.1865602733,,0.77324613093,,0.24,0.33,1.9883571623999998,4.51816356663,2.945399878491722
Semiconductors,Environmental,TW0008081001,,,,1.4692228316999998,,0.3678624248,,0.0,0.80230865,1.9278785706,4.5672724770999995,2.945399878491722
Semiconductors,Environmental,TW0003443008,,,,1.1855463981,,1.2747119045700002,,0.24,0.76754770752,2.5274216652,5.99522767539,2.945399878491722
Semiconductors,Environmental,TW0006488000,,,,1.3965625763999998,,0.85522803301,,0.24,0.84121168142,1.0619097948,4.39491208563,2.945399878491722
Semiconductors,Environmental,KYG393871085,,,,1.1180595876,,0.5821684741600001,,0.0,0.37533617495000005,2.0150649549,4.090629191610001,2.945399878491722
Semiconductors,Environmental,TW0003188009,,,,0.0,,0.0,,0.0,0.0,0.0,0.0,2.945399878491722
Semiconductors,Environmental,TW0002441003,,,,0.593126607,,0.28089553596,,0.0,0.59899580961,1.3418179035,2.8148358560699998,2.945399878491722
Semiconductors,Environmental,CNE000000YF5,,,,1.2116509437,,0.04451147883,,0.0,0.66995813368,0.3806682228,2.30678877901,2.945399878491722
Semiconductors,Environmental,US36241U1060,,,,0.0,,0.0,,0.0,0.0,0.0,0.0,2.945399878491722
Semiconductors,Environmental,JP3771800004,,,,1.7263360977,,0.8581049347,,0.48,0.33,1.9557342050999997,5.3501752375,2.945399878491722
Semiconductors,Environmental,CNE100002Q09,,,,0.0,,0.0,,0.0,0.0,0.0,0.0,2.945399878491722
Semiconductors,Environmental,CNE100004314,,,,0.2653280676,,0.25393605107,,0.24,0.52929574489,0.9223978044,2.21095766796,2.945399878491722
Semiconductors,Environmental,CNE000001DN1,,,,0.0,,0.04451147883,,0.24,0.0,0.0,0.28451147883,2.945399878491722
Semiconductors,Environmental,KR7042700005,,,,0.0,,0.04451147883,,0.0,0.0,0.8999999999999999,0.9445114788299999,2.945399878491722
Semiconductors,Environmental,TW0006168008,,,,1.0287323711999998,,0.7358571338300001,,0.24,0.8438243198,1.6520220279,4.50043585273,2.945399878491722
Semiconductors,Environmental,DE000HAG0005,,,,2.4622329710999997,,0.3105321479,,0.24,0.75509636884,1.7701636791,5.53802516694,2.945399878491722
Semiconductors,Environmental,TW0006202005,,,,1.3251720429,,0.3453799128,,0.24,1.02431604385,2.1606179238,5.09548592335,2.945399878491722
Semiconductors,Environmental,CNE100002V10,,,,0.1082167983,,0.04451147883,,0.0,0.33,0.8999999999999999,1.38272827713,2.945399878491722
Semiconductors,Environmental,HK0000218211,,,,0.7959555387,,0.24596163748000002,,0.24,0.30609779354000005,0.9877762556999999,2.57579122542,2.945399878491722
Semiconductors,Environmental,TW0002486008,,,,0.0,,0.0,,0.0,0.0,0.8999999999999999,0.8999999999999999,2.945399878491722
Semiconductors,Environmental,TW0008040007,,,,0.0,,0.04451147883,,0.0,0.0,1.8117279054,1.85623938423,2.945399878491722
Semiconductors,Environmental,US4532041096,,,,2.5247391701999997,,0.27053955799,,0.0,0.0,0.0,2.7952787281899996,2.945399878491722
Semiconductors,Environmental,MYQ0166OO007,,,,0.8458194495,,1.0663777351500001,,0.24,0.59051409725,1.9358432291999998,4.6785545111,2.945399878491722
Semiconductors,Environmental,CH0011029946,,,,2.0781184674,,0.25482952716,,0.0,0.0,0.8999999999999999,3.23294799456,2.945399878491722
Semiconductors,Environmental,DE0006231004,,,,1.1136084081,,0.5945576858,,0.24,0.60168791298,2.1221886636,4.67204267048,2.945399878491722
Semiconductors,Environmental,CNE100001377,,,,0.0,,0.0,,0.0,0.0,0.0,0.0,2.945399878491722
Semiconductors,Environmental,US4581401001,,,,2.0924931048,,1.07720879552,,0.48,0.8128004313,2.0374760628,6.499978394419999,2.945399878491722
Semiconductors,Environmental,US45817G2012,,,,0.0,,0.0,,0.0,0.0,0.0,0.0,2.945399878491722
Semiconductors,Environmental,JP3152720003,,,,0.0,,0.04451147883,,0.24,0.33,0.0,0.61451147883,2.945399878491722
Semiconductors,Environmental,US4611471008,,,,0.0,,0.0,,0.0,0.0,0.0,0.0,2.945399878491722
Semiconductors,Environmental,US44980X1090,,,,1.3849375248,,0.45168961045000006,,0.0,0.71143383498,1.6947805880999998,4.242841558329999,2.945399878491722
Semiconductors,Environmental,GB0009619924,,,,1.0173633099,,0.22819924946,,0.0,0.6019939184599999,1.3516068935999999,3.19916337142,2.945399878491722
Semiconductors,Environmental,TW0003014007,,,,1.9679413319999999,,0.32957759614,,0.24,0.81241275786,1.7984200002,5.1483516862,2.945399878491722
Semiconductors,Environmental,JP3735300000,,,,0.0,,0.0,,0.0,0.0,0.0,0.0,2.945399878491722
Semiconductors,Environmental,JP3389680004,,,,2.3490467547,,0.34388520712,,0.0,0.33,0.0,3.02293196182,2.945399878491722
Semiconductors,Environmental,CNE000001F05,,,,0.7260251283,,0.65104866502,,0.24,0.38666058068,1.7549195766,3.7586539506000003,2.945399878491722
Semiconductors,Environmental,CNE000000N97,,,,0.0,,0.04451147883,,0.0,0.0,0.8999999999999999,0.9445114788299999,2.945399878491722
Semiconductors,Environmental,TW0005285001,,,,1.8562201023,,0.04451147883,,0.0,0.42091420646000005,1.8144490242,4.1360948117900005,2.945399878491722
Semiconductors,Environmental,CNE0000017L3,,,,0.0,,0.06800301014,,0.0,0.0,0.0,0.06800301014,2.945399878491722
Semiconductors,Environmental,TW0006552003,,,,0.0,,0.04451147883,,0.0,0.0,0.6850021362000001,0.72951361503,2.945399878491722
Semiconductors,Environmental,TW0002375003,,,,0.0,,0.0,,0.0,0.0,0.8999999999999999,0.8999999999999999,2.945399878491722
Semiconductors,Environmental,JP3281610000,,,,1.0150164125999999,,0.22974737409,,0.24,0.0,0.0,1.4847637866899999,2.945399878491722
Semiconductors,Environmental,TW0002449006,,,,0.4497016311,,0.9626767445100001,,0.0,0.8893024826399999,1.2375357627,3.5392166209500004,2.945399878491722
Semiconductors,Environmental,US4824801009,,,,2.1938273906999997,,1.0812362098200001,,0.24,0.33,2.4879784584,6.33304205892,2.945399878491722
Semiconductors,Environmental,US5012421013,,,,2.0267749785,,0.35748763323,,0.0,0.47495674611,1.9046180247,4.76383738254,2.945399878491722
Semiconductors,Environmental,US5128071082,,,,2.3380352496,,1.15033193587,,0.24,0.8702463245300001,1.8957085133999998,6.4943220234,2.945399878491722
Semiconductors,Environmental,JP3979200007,,,,0.0,,0.04451147883,,0.24,0.33,0.0,0.61451147883,2.945399878491722
Semiconductors,Environmental,TW0003346003,,,,1.3640004159,,0.37431865458,,0.0,0.0,1.4157347202,3.15405379068,2.945399878491722
Semiconductors,Environmental,US5184151042,,,,2.3643537999,,0.2582503963,,0.0,0.0,0.8999999999999999,3.5226041962,2.945399878491722
Semiconductors,Environmental,TW0003588000,,,,0.0,,0.0,,0.0,0.7135455036599999,1.2443285465999998,1.9578740502599996,2.945399878491722
Semiconductors,Environmental,KR7058470006,,,,0.0,,0.0,,0.0,0.0,0.0,0.0,2.945399878491722
Semiconductors,Environmental,TW0002472008,,,,0.5477625132,,0.31056227449,,0.0,0.41332897903,1.1820735456,2.45372731232,2.945399878491722
Semiconductors,Environmental,TW0002369006,,,,0.514404738,,0.62216193195,,0.0,0.68979194636,1.623293352,3.44965196831,2.945399878491722
Semiconductors,Environmental,TW0004979000,,,,1.1011367082,,0.33816013569000003,,0.0,0.56686927319,1.6648733138999998,3.67103943098,2.945399878491722
Semiconductors,Environmental,US55405Y1001,,,,1.6242782592,,0.21860601308,,0.0,0.5555469656,2.0809910775,4.47942231538,2.945399878491722
Semiconductors,Environmental,TW0002337003,,,,0.5687450409,,0.63681943897,,0.0,0.7670829820499999,1.3916530608000002,3.36430052272,2.945399878491722
Semiconductors,Environmental,US55933J2033,,,,0.2192553699,,0.0,,0.0,0.0,0.8999999999999999,1.1192553698999999,2.945399878491722
Semiconductors,Environmental,MYL3867OO008,,,,1.3386119844,,0.38857903006,,0.0,0.39218672273,0.9760942698,3.0954720069899997,2.945399878491722
Semiconductors,Environmental,US5738741041,,,,2.4673416138,,1.07971810336,,0.48,0.0,2.6682655335,6.69532525066,2.945399878491722
Semiconductors,Environmental,US57776J1007,,,,0.0,,0.04451147883,,0.0,0.0,0.0,0.04451147883,2.945399878491722
Semiconductors,Environmental,CNE100003QK4,,,,0.9665825844,,0.04451147883,,0.0,0.33,1.3285730837999998,2.66966714703,2.945399878491722
Semiconductors,Environmental,TW0003527008,,,,1.2144211293,,0.33547143227000004,,0.0,0.0,1.6875965595,3.2374891210700003,2.945399878491722
Semiconductors,Environmental,TW0002454006,,,,1.4486569403999998,,1.26836114886,,0.48,0.74321932795,2.4726505280999995,6.412887945309999,2.945399878491722
Semiconductors,Environmental,JP3920860008,,,,2.0499857427,,0.0,,0.0,0.0,0.0,2.0499857427,2.945399878491722
Semiconductors,Environmental,BE0165385973,,,,1.8381374358,,0.32120445487000004,,0.0,0.0,1.9706883429,4.13003023357,2.945399878491722
Semiconductors,Environmental,US5950171042,,,,1.4251962662999997,,0.82379585262,,0.48,0.6762840128000001,1.8414679527,5.2467440844199995,2.945399878491722
Semiconductors,Environmental,US5951121038,,,,1.0827914715,,0.62053869241,,0.48,0.5073018503300001,2.0617897512,4.75242176544,2.945399878491722
Semiconductors,Environmental,JP3750400008,,,,1.1019448758,,0.25298557635,,0.0,0.0,0.0,1.3549304521499999,2.945399878491722
Semiconductors,Environmental,JP3910570005,,,,0.0,,0.04451147883,,0.0,0.0,0.0,0.04451147883,2.945399878491722
Semiconductors,Environmental,TW0002464005,,,,1.4774705886,,0.09398421045,,0.0,0.0,0.38970515729999994,1.9611599563499997,2.945399878491722
Semiconductors,Environmental,US55306N1046,,,,1.8012760161,,1.0227235889,,0.48,0.0,1.6052925111,4.9092921161,2.945399878491722
Semiconductors,Environmental,CNE100001X19,,,,0.0,,0.0,,0.24,0.0,0.0,0.24,2.945399878491722
Semiconductors,Environmental,US6098391054,,,,2.2458532332,,0.31195457462,,0.0,0.86567197805,1.3511640072,4.77464379307,2.945399878491722
Semiconductors,Environmental,CNE100003MN7,,,,2.0404984473,,0.38485427617,,0.24,0.0,1.9932151794,4.65856790287,2.945399878491722
Semiconductors,Environmental,TW0002434008,,,,0.0,,0.04451147883,,0.0,0.0,0.8999999999999999,0.9445114788299999,2.945399878491722
Semiconductors,Environmental,DE0006627201,,,,0.0,,0.0,,0.0,0.0,0.0,0.0,2.945399878491722
Semiconductors,Environmental,SE0000375115,,,,2.1911802291,,0.9319727469,,0.0,0.0,1.9162058829,5.0393588589,2.945399878491722
Semiconductors,Environmental,US63010N1054,,,,0.0,,0.0,,0.0,0.0,0.0,0.0,2.945399878491722
Semiconductors,Environmental,TW0002408002,,,,0.7823823453,,1.02385500906,,0.48,0.57013882156,1.3260382176,4.18241439352,2.945399878491722
Semiconductors,Environmental,CNE1000040F5,,,,0.5472722769,,0.04451147883,,0.0,0.33,0.8999999999999999,1.8217837557299998,2.945399878491722
Semiconductors,Environmental,CNE100000ML7,,,,0.0,,0.04451147883,,0.24,0.33,0.8999999999999999,1.5145114788299998,2.945399878491722
Semiconductors,Environmental,US64118P1093,,,,0.0,,0.0,,0.0,0.0,0.0,0.0,2.945399878491722
Semiconductors,Environmental,TW0003317004,,,,1.4680104732,,0.33409543518,,0.0,0.33,2.0101017950999998,4.1422077034800004,2.945399878491722
Semiconductors,Environmental,JP3686200001,,,,1.4176533221999998,,0.04451147883,,0.0,0.0,2.1693856715999997,3.63155047263,2.945399878491722
Semiconductors,Environmental,JP3725200004,,,,0.0,,0.04451147883,,0.24,0.0,0.0,0.28451147883,2.945399878491722
Semiconductors,Environmental,JP3701200002,,,,0.38060513729999995,,0.20275250918,,0.48,0.33,1.0444304466,2.43778809308,2.945399878491722
Semiconductors,Environmental,NO0003055501,,,,2.7094262124,,1.3,,0.24,0.8650262927900001,1.410330963,6.52478346819,2.945399878491722
Semiconductors,Environmental,IL0010845571,,,,1.0723545312,,0.18858748792000002,,0.0,0.33,0.8999999999999999,2.4909420191200002,2.945399878491722
Semiconductors,Environmental,TW0003034005,,,,1.4807852268000001,,0.9371174478900001,,0.48,0.69878648279,2.9067875861999997,6.50347674368,2.945399878491722
Semiconductors,Environmental,TW0004919006,,,,1.0110658407,,0.75329576972,,0.0,0.59342571255,1.9792429446,4.33703026757,2.945399878491722
Semiconductors,Environmental,US6294452064,,,,0.0,,0.0,,0.0,0.0,0.0,0.0,2.945399878491722
Semiconductors,Environmental,US67066G1040,,,,2.2713971616,,0.75837507252,,0.48,0.91613665583,2.4775182722999998,6.903427162250001,2.945399878491722
Semiconductors,Environmental,NL0009538784,,,,1.9918373108999998,,0.70010321615,,0.0,0.54616375924,1.2904289247,4.52853321099,2.945399878491722
Semiconductors,Environmental,JP3193600008,,,,0.0,,0.04451147883,,0.0,0.0,0.0,0.04451147883,2.945399878491722
Semiconductors,Environmental,US6821891057,,,,0.8347658874,,0.91254333976,,0.48,0.54817052367,1.74313488,4.51861463083,2.945399878491722
Semiconductors,Environmental,US6833441057,,,,0.0,,0.0,,0.24,0.0,0.0,0.24,2.945399878491722
Semiconductors,Environmental,TW0002329000,,,,0.9168421269,,0.35507493502000004,,0.24,0.90680354116,1.99793787,4.41665847308,2.945399878491722
Semiconductors,Environmental,JP3200400004,,,,0.0,,0.04451147883,,0.24,0.0,0.0,0.28451147883,2.945399878491722
Semiconductors,Environmental,DE000LED4000,,,,1.7425340652,,0.91513695234,,0.24,0.54855226998,1.7387569428,5.184980230320001,2.945399878491722
Semiconductors,Environmental,US68989M2026,,,,0.0,,0.0,,0.0,0.0,0.0,0.0,2.945399878491722
Semiconductors,Environmental,TW0002481009,,,,0.9157962084,,0.88461036677,,0.24,0.9354452133400001,2.3459411145,5.3217929030099995,2.945399878491722
Semiconductors,Environmental,US7013543001,,,,0.0,,0.0,,0.0,0.0,0.0,0.0,2.945399878491722
Semiconductors,Environmental,US71360T2006,,,,0.0,,0.0,,0.0,0.0,0.0,0.0,2.945399878491722
Semiconductors,Environmental,TW0008299009,,,,1.3835539340999998,,0.9398282813400001,,0.48,0.8998973846499999,2.3888401509,6.092119750989999,2.945399878491722
Semiconductors,Environmental,US7194051022,,,,0.0,,0.0,,0.0,0.0,0.0,0.0,2.945399878491722
Semiconductors,Environmental,CNE100005998,,,,1.6490841867000001,,0.21643968944,,0.0,0.60580026155,1.4567938328999999,3.92811797059,2.945399878491722
Semiconductors,Environmental,US72581M3051,,,,0.0,,0.0,,0.0,0.0,0.0,0.0,2.945399878491722
Semiconductors,Environmental,US7392761034,,,,1.8637334346,,0.0,,0.24,0.0,1.4388301848,3.5425636194,2.945399878491722
Semiconductors,Environmental,TW0006770001,,,,0.6370523931,,0.34970220805,,0.0,0.74376183992,1.9243941305999999,3.6549105716699994,2.945399878491722
Semiconductors,Environmental,TW0006239007,,,,0.7439744712,,0.94281942846,,0.0,0.5314130258800001,1.5251090526,3.74331597814,2.945399878491722
Semiconductors,Environmental,TW0006173008,,,,0.5814241646999999,,0.23467923635000001,,0.0,0.21363659141,1.3346084118000001,2.3643484042600003,2.945399878491722
Semiconductors,Environmental,DE0007461006,,,,2.0593285559999996,,0.21511853701000003,,0.0,0.33,0.0,2.6044470930099997,2.945399878491722
Semiconductors,Environmental,US74736K1016,,,,1.4561259269999998,,0.35314373497,,0.24,0.45735991003999993,2.0054059982999997,4.512035570309999,2.945399878491722
Semiconductors,Environmental,US7475251036,,,,2.3750099658,,1.22483693124,,0.48,0.9802847194800001,2.401702881,7.46183449752,2.945399878491722
Semiconductors,Environmental,US74837P4054,,,,0.0,,0.0,,0.0,0.0,0.0,0.0,2.945399878491722
Semiconductors,Environmental,US7509171069,,,,1.9209134102999998,,0.20476420159,,0.0,0.0,0.0,2.12567761189,2.945399878491722
Semiconductors,Environmental,TW0002379005,,,,1.1713736058,,1.27479434966,,0.48,0.72745731828,2.9102222442,6.563847517939999,2.945399878491722
Semiconductors,Environmental,TW0002302007,,,,0.0,,0.04451147883,,0.0,0.0,0.0,0.04451147883,2.945399878491722
Semiconductors,Environmental,JP3164720009,,,,1.2459704877,,1.1127124023600001,,0.48,0.93111791608,1.485321951,5.2551227571400005,2.945399878491722
Semiconductors,Environmental,US7631651079,,,,0.0,,0.0,,0.0,0.0,0.0,0.0,2.945399878491722
Semiconductors,Environmental,TW0004968003,,,,1.3975463391,,0.35319360492,,0.48,1.08347234721,2.4599973678,5.774209659029999,2.945399878491722
Semiconductors,Environmental,TW0008104001,,,,0.0,,0.04451147883,,0.0,0.0,0.8999999999999999,0.9445114788299999,2.945399878491722
Semiconductors,Environmental,ES0105225009,,,,0.0,,0.04451147883,,0.0,0.0,0.0,0.04451147883,2.945399878491722
Semiconductors,Environmental,CNE100003RK2,,,,0.0,,0.0,,0.0,0.0,0.0,0.0,2.945399878491722
Semiconductors,Environmental,JP3982800009,,,,1.5101205825,,1.0006450272,,0.48,0.33,1.2599521638,4.5807177735,2.945399878491722
Semiconductors,Environmental,JP3982200002,,,,0.8265415191,,0.6457041120400001,,0.0,0.0,0.0,1.47224563114,2.945399878491722
Semiconductors,Environmental,JP3976200000,,,,2.4593350409999997,,1.27348217009,,0.48,0.0,1.5667024611,5.77951967219,2.945399878491722
Semiconductors,Environmental,JP3975410006,,,,1.4645400525,,0.79741303447,,0.0,1.07944129942,0.0,3.34139438639,2.945399878491722
Semiconductors,Environmental,JP3322950001,,,,0.0,,0.04451147883,,0.24,0.0,0.0,0.28451147883,2.945399878491722
Semiconductors,Environmental,CNE000000KB3,,,,0.0,,0.04451147883,,0.0,0.0,0.0,0.04451147883,2.945399878491722
Semiconductors,Environmental,JP3329600005,,,,1.2661707402,,0.28223278993,,0.0,0.33,1.5317876816999998,3.41019121183,2.945399878491722
Semiconductors,Environmental,DE0005156236,,,,0.0,,0.04451147883,,0.24,0.33,0.8999999999999999,1.5145114788299998,2.945399878491722
Semiconductors,Environmental,TW0003583001,,,,0.9216783999,,0.66646646495,,0.0,1.04606624606,1.5055485249,4.13975963581,2.945399878491722
Semiconductors,Environmental,JP3494600004,,,,2.2133939264999998,,1.0106226253500001,,0.48,0.79512491707,1.9746784686,6.47381993752,2.945399878491722
Semiconductors,Environmental,TW0002351004,,,,1.12861197,,0.26529087065,,0.0,0.36977344756,1.9665241241999998,3.73020041241,2.945399878491722
Semiconductors,Environmental,JP3418400002,,,,0.0,,0.0,,0.0,0.0,0.0,0.0,2.945399878491722
Semiconductors,Environmental,US8168501018,,,,2.236345911,,0.23827533249000002,,0.0,0.0,0.8999999999999999,3.37462124349,2.945399878491722
Semiconductors,Environmental,CH0406705126,,,,2.0684866905,,0.28384403462999996,,0.0,0.0,1.6376858712,3.99001659633,2.945399878491722
Semiconductors,Environmental,KR7046890000,,,,0.0,,0.04451147883,,0.0,0.33,0.8999999999999999,1.27451147883,2.945399878491722
Semiconductors,Environmental,US8173232070,,,,0.0,,0.0,,0.0,0.0,0.0,0.0,2.945399878491722
Semiconductors,Environmental,CNE100002NT4,,,,1.7243328092999999,,0.04451147883,,0.48,0.0,1.9612290857999999,4.210073373929999,2.945399878491722
Semiconductors,Environmental,CNE000000XB6,,,,1.8250525476,,0.0,,0.0,0.33,2.2655073165,4.4205598640999995,2.945399878491722
Semiconductors,Environmental,CNE100000510,,,,1.7762659550999997,,0.37163230663,,0.0,0.0,1.2050620079999999,3.3529602697299996,2.945399878491722
Semiconductors,Environmental,CNE100002G84,,,,0.0,,0.0,,0.24,0.0,0.0,0.24,2.945399878491722
Semiconductors,Environmental,CNE100000Q50,,,,0.0,,0.0,,0.0,0.33,0.0,0.33,2.945399878491722
Semiconductors,Environmental,JP3355000005,,,,1.2781698705,,0.31292011257,,0.48,0.0,1.793533659,3.86462364207,2.945399878491722
Semiconductors,Environmental,JP3371600002,,,,0.7562110661999999,,0.70867893694,,0.48,0.0,1.755860424,3.70075042714,2.945399878491722
Semiconductors,Environmental,JP3375800004,,,,1.5380667686999998,,0.8809208536700001,,0.0,0.87235316751,1.4239524362999998,4.71529322618,2.945399878491722
Semiconductors,Environmental,KYG811801045,,,,0.0,,0.04451147883,,0.0,0.5096912002599999,0.9767758367999999,1.5309785158899998,2.945399878491722
Semiconductors,Environmental,TW0006257009,,,,0.9766118289,,0.32327478885,,0.0,1.08010849001,1.6505048274,4.03049993516,2.945399878491722
Semiconductors,Environmental,TW0002363009,,,,0.2760669708,,0.04451147883,,0.24,0.0,0.8371604205,1.39773887013,2.945399878491722
Semiconductors,Environmental,US8269191024,,,,2.212737894,,0.29129912136,,0.24,1.07493115422,2.5398382187999995,6.35880638838,2.945399878491722
Semiconductors,Environmental,US82706C1080,,,,0.0,,0.04451147883,,0.0,0.0,0.8999999999999999,0.9445114788299999,2.945399878491722
Semiconductors,Environmental,TW0003530002,,,,0.0,,0.04451147883,,0.0,0.0,0.0,0.04451147883,2.945399878491722
Semiconductors,Environmental,TW0003288007,,,,0.0,,0.0,,0.0,0.0,0.0,0.0,2.945399878491722
Semiconductors,Environmental,DE000WAF3001,,,,1.5883076189999998,,1.1917523766200002,,0.24,0.49545271401999996,0.9176777601,4.43319046974,2.945399878491722
Semiconductors,Environmental,TW0005483002,,,,0.605680275,,0.24754103543,,0.0,0.53379335405,1.0893649578,2.4763796222799996,2.945399878491722
Semiconductors,Environmental,US82982T1060,,,,0.0,,0.0,,0.0,0.33,0.8999999999999999,1.23,2.945399878491722
Semiconductors,Environmental,TW0008016007,,,,1.8647748470999999,,0.36470734833,,0.24,0.0,2.8615980147,5.33108021013,2.945399878491722
Semiconductors,Environmental,KR7000660001,,,,1.4837360859,,0.65593412872,,0.48,0.69454410553,1.2783963204,4.592610640549999,2.945399878491722
Semiconductors,Environmental,JP3162640001,,,,0.0,,0.04451147883,,0.0,0.33,0.0,0.37451147883,2.945399878491722
Semiconductors,Environmental,US83089J1088,,,,0.0,,0.0,,0.0,0.0,0.0,0.0,2.945399878491722
Semiconductors,Environmental,US83088M1027,,,,1.5523820400000001,,0.25968416695,,0.24,0.61800114156,1.6202322006,4.29029954911,2.945399878491722
Semiconductors,Environmental,KYG8232Y1017,,,,1.7676469803,,0.68658989906,,0.24,0.5436674070299999,1.4646283149,4.70253260129,2.945399878491722
Semiconductors,Environmental,KYG8020E1199,,,,0.7781189202,,0.15119450814000002,,0.0,0.35688743827,1.197270012,2.48347087861,2.945399878491722
Semiconductors,Environmental,DE0005178008,,,,0.0,,0.0,,0.0,0.0,0.0,0.0,2.945399878491722
Semiconductors,Environmental,FR0013227113,,,,1.4659840107,,1.2089136124,,0.0,0.16435596705,1.4829537392999999,4.322207329449999,2.945399878491722
Semiconductors,Environmental,TW0005471007,,,,1.461020136,,0.38943627359,,0.0,0.0,1.9382244588,3.78868086839,2.945399878491722
Semiconductors,Environmental,TW0003055000,,,,1.0019914626,,0.38943627359,,0.0,0.70916549209,1.6465118409,3.74710506918,2.945399878491722
Semiconductors,Environmental,CNE100003RN6,,,,0.0,,0.04451147883,,0.24,0.0,0.0,0.28451147883,2.945399878491722
Semiconductors,Environmental,NL0000226223,,,,1.9290447234,,1.00449540139,,0.48,0.80599309439,2.1049974918,6.32453071098,2.945399878491722
Semiconductors,Environmental,DE000A1K0235,,,,2.2666203975,,0.28073885918,,0.24,0.8290096474,1.6367483138999999,5.25311721798,2.945399878491722
Semiconductors,Environmental,JP3322930003,,,,0.7464064122,,0.9559951544,,0.0,0.33,1.7189157486,3.7513173151999997,2.945399878491722
Semiconductors,Environmental,TW0002401007,,,,0.0,,0.04451147883,,0.24,0.0,0.8999999999999999,1.18451147883,2.945399878491722
Semiconductors,Environmental,CNE000001P60,,,,0.0,,0.04451147883,,0.0,0.33,0.8999999999999999,1.27451147883,2.945399878491722
Semiconductors,Environmental,US87157D1090,,,,2.1450751305,,0.38346941477,,0.0,0.0,0.8999999999999999,3.42854454527,2.945399878491722
Semiconductors,Environmental,TW0001582005,,,,1.6744338512999999,,0.36834466695,,0.0,1.07944129942,2.0816509725,5.20387079017,2.945399878491722
Semiconductors,Environmental,TW0002338001,,,,1.2383432865,,0.33883779761,,0.0,0.0,1.267163658,2.8443447421099997,2.945399878491722
Semiconductors,Environmental,TW0006278005,,,,1.0287008999999998,,0.33981040236000004,,0.0,0.87386373525,2.1398985387,4.38227357631,2.945399878491722
Semiconductors,Environmental,TW0002340007,,,,0.8033846856,,0.21646967654,,0.24,0.7298701667399999,1.1144303799,3.10415490878,2.945399878491722
Semiconductors,Environmental,JP3468000009,,,,1.1276721954,,1.06249239928,,0.0,0.0,0.0,2.1901645946799997,2.945399878491722
Semiconductors,Environmental,TW0004967005,,,,1.5113077641,,0.37235072615000003,,0.0,0.79167787072,2.5071318626999997,5.18246822367,2.945399878491722
Semiconductors,Environmental,IT0005482333,,,,1.2526104927000001,,0.27388565308,,0.24,0.7215333796,1.6153388498999999,4.10336837528,2.945399878491722
Semiconductors,Environmental,US8807701029,,,,1.2041728019999998,,0.72045929436,,0.24,0.33,0.8999999999999999,3.39463209636,2.945399878491722
Semiconductors,Environmental,TW0003030003,,,,0.0,,0.04451147883,,0.0,0.0,0.8999999999999999,0.9445114788299999,2.945399878491722
Semiconductors,Environmental,US8825081040,,,,1.5627302169,,0.30864179853,,0.24,0.68995481016,2.0472726344999996,4.84859946009,2.945399878491722
Semiconductors,Environmental,CNE100000825,,,,0.0,,0.04451147883,,0.0,0.74687387467,0.8999999999999999,1.6913853534999999,2.945399878491722
Semiconductors,Environmental,KR7064760002,,,,0.0,,0.0,,0.0,0.0,0.0,0.0,2.945399878491722
Semiconductors,Environmental,JP3571400005,,,,2.4562600136999997,,1.23324584006,,0.48,0.5745053529599999,2.3315860749,7.07559728162,2.945399878491722
Semiconductors,Environmental,JP3571800006,,,,1.833561945,,0.8528774785700001,,0.0,0.33437877891,1.9695828438,4.990401046280001,2.945399878491722
Semiconductors,Environmental,JP3580200008,,,,0.0,,0.04451147883,,0.24,0.33,0.8999999999999999,1.5145114788299998,2.945399878491722
Semiconductors,Environmental,TW0006271000,,,,0.9969957590999999,,0.48427227264,,0.48,0.49673978331999996,2.0204715729,4.47847938796,2.945399878491722
Semiconductors,Environmental,CNE1000006C3,,,,0.0,,0.04451147883,,0.0,0.0,0.8999999999999999,0.9445114788299999,2.945399878491722
Semiconductors,Environmental,TW0008021007,,,,0.7286910294000001,,0.29018493413,,0.48,1.07944129942,1.3129144191,3.89123168205,2.945399878491722
Semiconductors,Environmental,JP3637280003,,,,0.5171389461,,0.07336966988,,0.24,0.0,0.0,0.83050861598,2.945399878491722
Semiconductors,Environmental,JP3555700008,,,,1.3500572205,,1.05717698099,,0.24,0.0,1.5687066078,4.21594080929,2.945399878491722
Semiconductors,Environmental,IL0010823792,,,,0.0,,0.0,,0.0,0.0,0.0,0.0,2.945399878491722
Semiconductors,Environmental,TW0002451002,,,,1.9149298668,,0.37237645146000004,,0.24,0.9676420879400001,2.3936240672999998,5.8885724735,2.945399878491722
Semiconductors,Environmental,TW0002330008,,,,1.3341673851,,0.76330163481,,0.48,0.30465119124,1.4410856723999999,4.32320588355,2.945399878491722
Semiconductors,Environmental,TW0002426004,,,,0.56293509,,0.16294724940000002,,0.0,0.27985779767,1.0127013444,2.01844148147,2.945399878491722
Semiconductors,Environmental,CH0033361673,,,,2.034179592,,0.76579990864,,0.0,0.0,0.8999999999999999,3.69997950064,2.945399878491722
Semiconductors,Environmental,US90385V1070,,,,0.0,,0.0,,0.0,0.0,0.0,0.0,2.945399878491722
Semiconductors,Environmental,JP3126190002,,,,1.1326993704,,0.66890417581,,0.48,0.0,1.173794961,3.45539850721,2.945399878491722
Semiconductors,Environmental,TW0002303005,,,,1.0280560971,,0.97867810729,,0.24,0.0,1.2609349251000002,3.50766912949,2.945399878491722
Semiconductors,Environmental,TW0008277005,,,,0.0,,0.04451147883,,0.0,0.0,0.8999999999999999,0.9445114788299999,2.945399878491722
Semiconductors,Environmental,CNE000001M14,,,,1.6270035266999998,,0.04451147883,,0.0,1.1,2.0085079194,4.78002292493,2.945399878491722
Semiconductors,Environmental,KR7077500007,,,,0.0,,0.0,,0.0,0.0,0.0,0.0,2.945399878491722
Semiconductors,Environmental,MYL5005OO003,,,,0.8133438348,,0.9488020945,,0.0,0.5285807180500001,1.0721085549,3.3628352022500003,2.945399878491722
Semiconductors,Environmental,US91347P1057,,,,1.9645611762,,0.32575694567,,0.48,0.81254472728,1.9372750281,5.52013787725,2.945399878491722
Semiconductors,Environmental,JP3829900004,,,,0.0,,0.0,,0.0,0.0,0.0,0.0,2.945399878491722
Semiconductors,Environmental,TW0005347009,,,,0.5379827855999999,,0.87879872795,,0.48,0.72134769916,1.1628329514,3.78096216411,2.945399878491722
Semiconductors,Environmental,US9224171002,,,,1.9312035083999999,,0.2934440899,,0.24,0.59369757172,1.8879434109,4.94628858092,2.945399878491722
Semiconductors,Environmental,CNE100004413,,,,2.126457882,,0.37250439642,,0.0,0.33,0.8999999999999999,3.72896227842,2.945399878491722
Semiconductors,Environmental,TW0002388006,,,,1.4407771109999998,,0.8226211022900001,,0.0,0.7525163031100001,1.8403354167,4.8562499331,2.945399878491722
Semiconductors,Environmental,TW0006789001,,,,1.7499000549000001,,0.7648924541700001,,0.24,0.34364095216,1.3933758258,4.491809287030001,2.945399878491722
Semiconductors,Environmental,US9282981086,,,,0.0,,0.0,,0.0,0.0,0.0,0.0,2.945399878491722
Semiconductors,Environmental,US92835K1034,,,,0.0,,0.0,,0.0,0.0,0.0,0.0,2.945399878491722
Semiconductors,Environmental,TW0002455003,,,,0.0,,0.04451147883,,0.0,0.28902516368000003,1.1899372100999999,1.52347385261,2.945399878491722
Semiconductors,Environmental,TW0006182009,,,,0.632871294,,0.36518264770000003,,0.0,0.0,0.8999999999999999,1.8980539417,2.945399878491722
Semiconductors,Environmental,TW0008110008,,,,0.48295615919999996,,0.25078748344,,0.0,1.01553105357,1.2513536453999998,3.0006283416099997,2.945399878491722
Semiconductors,Environmental,TW0002436003,,,,0.0,,0.04451147883,,0.0,0.0,0.8999999999999999,0.9445114788299999,2.945399878491722
Semiconductors,Environmental,CNE100002XM8,,,,1.8510221958,,0.36016555068,,0.24,0.8148956299,2.1727621077,5.43884548408,2.945399878491722
Semiconductors,Environmental,TW0003105003,,,,0.7580700158999999,,0.9126665115100001,,0.0,0.5957858467,2.1178328990999997,4.38435527321,2.945399878491722
Semiconductors,Environmental,TW0002344009,,,,1.1675293206,,1.0839344596600002,,0.48,0.69432532785,2.0817099092999998,5.50749901741,2.945399878491722
Semiconductors,Environmental,JP3154370005,,,,0.0,,0.0,,0.0,0.0,0.0,0.0,2.945399878491722
Semiconductors,Environmental,US9778521024,,,,0.7566342831,,0.5832951831200001,,0.48,0.56437119002,1.3476134778,3.73191413404,2.945399878491722
Semiconductors,Environmental,KR7030530000,,,,0.0,,0.0,,0.0,0.0,0.0,0.0,2.945399878491722
Semiconductors,Environmental,KR7240810002,,,,1.2698667525,,0.28217954154,,0.0,0.0,1.9502102852999998,3.50225657934,2.945399878491722
Semiconductors,Environmental,BE0974310428,,,,1.9764395714999998,,0.36589886671000005,,0.24,0.0,0.8999999999999999,3.4823384382099998,2.945399878491722
Semiconductors,Environmental,JP3990600003,,,,1.3901487351000001,,0.31016783954,,0.0,0.0,0.8999999999999999,2.60031657464,2.945399878491722
Semiconductors,Environmental,CNE100001R90,,,,1.4997220515,,0.3948419475,,0.24,0.33,0.8999999999999999,3.364563999,2.945399878491722
Semiconductors,Environmental,CNE100001DJ8,,,,1.5177928449,,0.0,,0.24,0.87784007553,1.1103466272,3.74597954763,2.945399878491722
Semiconductors,Environmental,US29355A1079,,,,2.3836419581999997,,1.3,,0.0,0.33,0.8999999999999999,4.9136419581999995,2.945399878491722
Semiconductors,Environmental,US3364331070,,,,1.5466961862,,1.1454831696099999,,0.0,0.68823055268,1.2006049632,4.58101487169,2.945399878491722
Automobiles,Environmental,US88160R1014,,0.5,,,,1.7124938965,,2.90311651245,0.90998561385,,6.025596022799999,2.2453378281558822
Automobiles,Environmental,CNE100000296,,0.0,,,,0.0,,1.44022355085,0.21230415705,,1.6525277079,2.2453378281558822
Automobiles,Environmental,US50202M1027,,0.0,,,,0.0,,2.90311651245,0.6295340537999999,,3.53265056625,2.2453378281558822
Automobiles,Environmental,US62914V1061,,0.5,,,,0.0,,2.90311651245,0.8219419955999999,,4.22505850805,2.2453378281558822
Automobiles,Environmental,US3453708600,,0.75,,,,2.5,,2.3715576170999997,0.9020758152,,6.5236334323,2.2453378281558822
Automobiles,Environmental,US98422D1054,,0.25,,,,0.0,,2.38296608935,0.96531443595,,3.5982805253,2.2453378281558822
Automobiles,Environmental,US7311052010,,0.25,,,,2.5,,0.0,0.82856934075,,3.57856934075,2.2453378281558822
Automobiles,Environmental,CNE100005K77,,0.25,,,,0.0,,2.38296608935,0.39784802205,,3.0308141114,2.2453378281558822
Automobiles,Environmental,CNE100001TJ4,,0.25,,,,0.0,,0.5794143796,0.76289770605,,1.59231208565,2.2453378281558822
Automobiles,Environmental,US5494981039,,0.25,,,,0.0,,0.0,0.0,,0.25,2.2453378281558822
Automobiles,Environmental,TH3545010003,,1.59883236875,,,,0.565583229,,0.0,1.5,,3.6644155977499997,2.2453378281558822
Automobiles,Environmental,INE260D01016,,0.0,,,,0.4968851805,,0.0,0.0,,0.4968851805,2.2453378281558822
Automobiles,Environmental,US0395872098,,0.0,,,,0.0,,0.0,0.0,,0.0,2.2453378281558822
Automobiles,Environmental,US54405Q2093,,0.0,,,,0.0,,0.0,0.0,,0.0,2.2453378281558822
Automobiles,Environmental,US3073597037,,0.0,,,,0.0,,0.0,0.0,,0.0,2.2453378281558822
Automobiles,Environmental,CA35954F1080,,0.0,,,,0.0,,0.0,0.0,,0.0,2.2453378281558822
Automobiles,Environmental,SGXZ55111462,,0.0,,,,0.0,,0.0,0.0,,0.0,2.2453378281558822
