ISIN,Industry,ESG SCORE,ENVIRONMENTAL SCORE,SOCIAL SCORE,GOVERNANCE SCORE,ESG Score Range,Mean ESG,ESG Classification,E Classification,S Classification,G Classification
CNE100004ZD8,Semiconductors,3.0455878123080002,3.06800992938,1.08,4.98127946852,3-4,3.7648174326937798,Below Median,Leading,Below Median,Leading
US00108J1097,Semiconductors,2.030903148648,0.0,1.08,5.689677162160001,2-3,3.7648174326937798,Below Median,Below Median,Below Median,Above Median
US0079031078,Semiconductors,6.960440986621999,7.32563970557,5.879456901659999,7.5544934463199995,6-7,3.7648174326937798,Above Median,Above Median,Above Median,Above Median
TW0003438008,Semiconductors,3.1799273263080003,1.71922842843,2.36852381592,5.9389293672,3-4,3.7648174326937798,Below Median,Below Median,Below Median,Above Median
CNE100003MM9,Semiconductors,4.23869320816,4.18185642571,4.13787849424,4.4152902986800004,4-5,3.7648174326937798,Leading,Above Median,Above Median,Below Median
TW0003437000,Semiconductors,3.319272906952,3.13103322256,1.28852381592,5.60100824384,3-4,3.7648174326937798,Below Median,Leading,Below Median,Above Median
TW0008261009,Semiconductors,4.364570858736,4.83216449508,3.8085238159199997,4.29715971976,4-5,3.7648174326937798,Leading,Above Median,Above Median,Below Median
JP3122400009,Semiconductors,6.656172578836001,7.91885351188,4.81350669856,6.81526388172,6-7,3.7648174326937798,Above Median,Above Median,Above Median,Above Median
DE000A0WMPJ6,Semiconductors,5.066584537518,4.302853154999999,3.4913767243000002,7.660100860759999,5-6,3.7648174326937798,Above Median,Above Median,Leading,Above Median
KYG022421088,Semiconductors,4.93571360292,6.34609573821,4.08962280272,3.9012948893999995,4-5,3.7648174326937798,Above Median,Above Median,Above Median,Below Median
TW0003041000,Semiconductors,2.567396967024,0.9445114788299999,1.28852381592,6.01011743572,2-3,3.7648174326937798,Below Median,Below Median,Below Median,Above Median
CNE100001ZN3,Semiconductors,1.5127821664799999,0.0,0.0,5.0426072216,1-2,3.7648174326937798,Below Median,Below Median,Below Median,Leading
US01749D1054,Semiconductors,3.479426530892,3.15883764278,1.9500000000000002,5.4363049126,3-4,3.7648174326937798,Below Median,Leading,Below Median,Leading
BMG6331P1041,Semiconductors,2.718845943492,0.04451147883,1.28852381592,7.71494735728,2-3,3.7648174326937798,Below Median,Below Median,Below Median,Above Median
GB00BNDRMJ14,Semiconductors,3.555381075024,2.06500362741,2.40543719176,6.69249488844,3-4,3.7648174326937798,Leading,Below Median,Below Median,Above Median
KYG037AX1015,Semiconductors,2.630549062824,0.0,2.66313583376,6.10536104232,2-3,3.7648174326937798,Below Median,Below Median,Leading,Above Median
US0316521006,Semiconductors,5.574181135276,3.9343681549599996,7.1058390714,6.22894050624,5-6,3.7648174326937798,Above Median,Above Median,Above Median,Above Median
CNE100003LZ3,Semiconductors,3.288891196296,3.5189388930299996,1.28852381592,4.98252831436,3-4,3.7648174326937798,Below Median,Above Median,Below Median,Leading
TW0002493004,Semiconductors,2.126039062548,0.8999999999999999,1.08,4.80679687516,2-3,3.7648174326937798,Below Median,Below Median,Below Median,Leading
AT0000A18XM4,Semiconductors,6.336464082713999,5.398676109210001,6.443191318539999,7.480120811559999,6-7,3.7648174326937798,Above Median,Above Median,Above Median,Above Median
US0323325045,Semiconductors,2.904994079604,0.0,2.57611686704,7.10719673164,2-3,3.7648174326937798,Below Median,Below Median,Leading,Above Median
US0326541051,Semiconductors,5.3166599923,5.887834725399999,2.4462644958400004,7.42548917796,5-6,3.7648174326937798,Above Median,Above Median,Below Median,Above Median
TW0006291008,Semiconductors,3.203975923572,0.9445114788299999,4.5885238159199995,4.83204729088,3-4,3.7648174326937798,Below Median,Below Median,Above Median,Leading
TW0006533003,Semiconductors,2.2491662087399997,0.9445114788299999,1.08,5.15787205736,2-3,3.7648174326937798,Below Median,Below Median,Below Median,Leading
TW0006138001,Semiconductors,4.33605599682,3.69292055913,4.5885238159199995,4.94110209464,4-5,3.7648174326937798,Leading,Above Median,Above Median,Leading
JP3105280006,Semiconductors,1.7825630608199998,0.0,1.08,4.8618768694,1-2,3.7648174326937798,Below Median,Below Median,Below Median,Leading
TW0006531007,Semiconductors,3.139787910172,2.84112447025,1.28852381592,5.38926992432,3-4,3.7648174326937798,Below Median,Leading,Below Median,Leading
TW0008271008,Semiconductors,4.90647946466,6.4718056895,2.9827882956800007,4.743069000519999,4-5,3.7648174326937798,Above Median,Above Median,Leading,Leading
TW0006449002,Semiconductors,2.4902666238239997,1.05784353573,1.86,5.030430698439999,2-3,3.7648174326937798,Below Median,Below Median,Below Median,Leading
US0382221051,Semiconductors,6.816744968376,7.01039366709,4.72752616884,8.647765502959999,6-7,3.7648174326937798,Above Median,Above Median,Above Median,Above Median
TW0003264008,Semiconductors,5.566699659925999,4.51967106839,7.9240592765399995,4.605378165359999,5-6,3.7648174326937798,Above Median,Above Median,Above Median,Leading
NO0010946593,Semiconductors,1.0237940311679998,0.0,0.0,3.41264677056,1-2,3.7648174326937798,Below Median,Below Median,Below Median,Below Median
US04302A1043,Semiconductors,1.9086193313880002,0.0,0.5700000000000001,5.792064437960001,1-2,3.7648174326937798,Below Median,Below Median,Below Median,Above Median
TW0003711008,Semiconductors,5.388049035133999,5.8472570657,5.68115404146,4.482666654719999,5-6,3.7648174326937798,Above Median,Above Median,Above Median,Below Median
TW0003169009,Semiconductors,3.0082010759399997,2.72235457293,1.08,5.317530822559999,3-4,3.7648174326937798,Below Median,Leading,Below Median,Leading
NL0000334118,Semiconductors,5.602394981458,5.95523733145,3.8864051438200002,6.847928352439999,5-6,3.7648174326937798,Above Median,Above Median,Above Median,Above Median
TW0005269005,Semiconductors,5.145156866932,5.41797976945,5.3808441161600005,4.54570574768,5-6,3.7648174326937798,Above Median,Above Median,Above Median,Leading
NL0010273215,Semiconductors,7.02748613937,7.201710615299999,5.78559579854,8.03707717896,7-8,3.7648174326937798,Above Median,Above Median,Above Median,Above Median
KYG0535Q1331,Semiconductors,4.236123479756,4.7280812882,1.9027882956800002,5.91351491924,4-5,3.7648174326937798,Leading,Above Median,Below Median,Above Median
TW0005274005,Semiconductors,6.110378057536,6.59858111386,6.160245628319999,5.409573078319999,6-7,3.7648174326937798,Above Median,Above Median,Above Median,Leading
US04965B1008,Semiconductors,2.490954969432,0.0,0.5700000000000001,7.73318323144,2-3,3.7648174326937798,Below Median,Below Median,Below Median,Above Median
KR7017900002,Semiconductors,2.2781431688879996,0.0,3.6385241316,3.9552864313599994,2-3,3.7648174326937798,Below Median,Below Median,Above Median,Below Median
US0545402085,Semiconductors,4.850132457768,4.50044182776,2.67377311712,7.49274597176,4-5,3.7648174326937798,Above Median,Above Median,Leading,Above Median
JP3108080007,Semiconductors,1.8963868643159998,0.0,1.28852381592,5.0327657318,1-2,3.7648174326937798,Below Median,Below Median,Below Median,Leading
US00246W1036,Semiconductors,2.007445583868,0.0,0.20852381592000002,6.48296146364,2-3,3.7648174326937798,Below Median,Below Median,Below Median,Above Median
NL0012866412,Semiconductors,6.830485424040001,6.7769843863500006,7.28285459516,6.44945096984,6-7,3.7648174326937798,Above Median,Above Median,Above Median,Above Median
TW0003031001,Semiconductors,2.948809585376,2.11943365838,2.06852381592,4.93492992416,2-3,3.7648174326937798,Below Median,Below Median,Below Median,Leading
US11135F1012,Semiconductors,5.230284255852,5.46756810648,2.9264489745600004,7.21774106964,5-6,3.7648174326937798,Above Median,Above Median,Leading,Above Median
CNE100001XM0,Semiconductors,2.339309065188,1.27451147883,1.08,5.01834824552,2-3,3.7648174326937798,Below Median,Below Median,Below Median,Leading
DE000A1TNMM9,Semiconductors,1.1119198236119998,0.0,0.5700000000000001,3.13639941204,1-2,3.7648174326937798,Below Median,Below Median,Below Median,Below Median
US1572101053,Semiconductors,2.54863994976,0.0,1.6500000000000001,6.8454664992,2-3,3.7648174326937798,Below Median,Below Median,Below Median,Above Median
TW0003257002,Semiconductors,3.345665622168,2.15682160233,3.94594121932,4.3305153848,3-4,3.7648174326937798,Below Median,Below Median,Above Median,Below Median
TW0008070004,Semiconductors,3.309459633616,1.51929501544,4.5885238159199995,4.417281608880001,3-4,3.7648174326937798,Below Median,Below Median,Above Median,Below Median
TW0006548001,Semiconductors,4.125182628121999,2.9607704626699998,5.64356864918,4.159346160999999,4-5,3.7648174326937798,Leading,Leading,Above Median,Below Median
TW0001597003,Semiconductors,3.421408932324,1.86019695753,3.8085238159199997,5.11591001512,3-4,3.7648174326937798,Below Median,Below Median,Above Median,Leading
CNE100003S06,Semiconductors,2.7853578123240004,2.71629472578,1.9500000000000002,3.7127997400400004,2-3,3.7648174326937798,Below Median,Leading,Below Median,Below Median
TW0008084005,Semiconductors,2.885993204519999,0.04451147883,3.5999999999999996,5.960628709959999,2-3,3.7648174326937798,Below Median,Below Median,Above Median,Above Median
TW0006147002,Semiconductors,4.531087137754,3.50477654587,5.380791320819999,5.049797077199999,4-5,3.7648174326937798,Above Median,Above Median,Above Median,Leading
TW0008150004,Semiconductors,5.425682393172,3.9576638103299997,6.99251949312,5.816203403679999,5-6,3.7648174326937798,Above Median,Above Median,Above Median,Above Median
US1727551004,Semiconductors,5.686545721153999,3.4154715919400003,6.85684993758,7.54434034368,5-6,3.7648174326937798,Above Median,Leading,Above Median,Above Median
GB0001602944,Semiconductors,3.293606900828,2.8140545152999996,2.0254255188,5.20119146356,3-4,3.7648174326937798,Below Median,Leading,Below Median,Leading
US19247G1076,Semiconductors,4.511579650768,4.31036956294,2.387025528,6.904413890639999,4-5,3.7648174326937798,Above Median,Above Median,Below Median,Above Median
US1925761066,Semiconductors,5.670374414552,5.343913960729999,5.68594121932,6.09008821488,5-6,3.7648174326937798,Above Median,Above Median,Above Median,Above Median
KYG234201138,Semiconductors,3.1850722241160003,2.34092854374,1.923511591,5.5721577644,3-4,3.7648174326937798,Below Median,Below Median,Below Median,Above Median
TW0002466000,Semiconductors,2.98236120318,2.3723780091299997,1.28852381592,5.48950951584,2-3,3.7648174326937798,Below Median,Below Median,Below Median,Leading
MYL7204OO000,Semiconductors,4.319170994916,2.8684061835900003,6.3091741060799995,4.26352096552,4-5,3.7648174326937798,Leading,Leading,Above Median,Below Median
JP3487600003,Semiconductors,2.0625147195439997,0.34470488546,1.5885238159200001,4.82691873528,2-3,3.7648174326937798,Below Median,Below Median,Below Median,Leading
CNE000000X87,Semiconductors,3.57441206874,3.06427568283,2.4236663817600004,5.4053396036,3-4,3.7648174326937798,Leading,Leading,Below Median,Leading
TW0003094009,Semiconductors,4.4071888350199995,2.53695825317,5.67464985852,5.63336858732,4-5,3.7648174326937798,Leading,Leading,Above Median,Above Median
KR7000990002,Semiconductors,2.8529495338800004,1.7460517272299998,1.9500000000000002,5.23176280996,2-3,3.7648174326937798,Below Median,Below Median,Below Median,Leading
US2545431015,Semiconductors,4.403003911332,3.06811809393,3.28,7.305855579199999,4-5,3.7648174326937798,Leading,Leading,Leading,Above Median
JP3548600000,Semiconductors,4.5840600300280006,4.99793961541,2.7300000000000004,5.88628061288,4-5,3.7648174326937798,Above Median,Above Median,Leading,Above Median
CNE100001RT7,Semiconductors,3.998344905528,4.5906229950899995,1.28852381592,5.91846187572,3-4,3.7648174326937798,Leading,Above Median,Below Median,Above Median
TW0003048005,Semiconductors,3.4881385575960002,3.6701901915,1.6500000000000001,5.0835416033200005,3-4,3.7648174326937798,Below Median,Above Median,Below Median,Leading
TW0002458007,Semiconductors,5.055106043812001,6.07575240601,4.2701593970800005,4.47919087428,5-6,3.7648174326937798,Above Median,Above Median,Above Median,Below Median
TW0003450003,Semiconductors,3.3474696493759994,1.8776206408999998,3.8414809119599997,4.81325706476,3-4,3.7648174326937798,Below Median,Below Median,Above Median,Leading
TW0003006003,Semiconductors,5.408900524032,4.84634242512,6.46594121932,5.10193729396,5-6,3.7648174326937798,Above Median,Above Median,Above Median,Leading
DE0005677108,Semiconductors,3.110998010576,2.7781385684299997,1.6500000000000001,5.01580861068,3-4,3.7648174326937798,Below Median,Leading,Below Median,Leading
TW0003529004,Semiconductors,4.717639541516,3.56302503563,6.1854125022,4.78935258868,4-5,3.7648174326937798,Above Median,Above Median,Above Median,Leading
TW0003714002,Semiconductors,4.383204139452,3.3811768125299997,5.7485274116000005,4.3539173032,4-5,3.7648174326937798,Leading,Leading,Above Median,Below Median
US29362U1043,Semiconductors,4.6794035553499995,3.52580254181,4.081096286899999,6.815845508519999,4-5,3.7648174326937798,Above Median,Above Median,Above Median,Above Median
KR7039030002,Semiconductors,2.3794523446399998,1.7651455808299998,1.28852381592,4.2894565584399995,2-3,3.7648174326937798,Below Median,Below Median,Below Median,Below Median
TW0003016002,Semiconductors,3.82668956124,1.87388645022,5.25,5.00711660384,3-4,3.7648174326937798,Leading,Below Median,Above Median,Leading
TW0005351001,Semiconductors,3.453464670184,2.7977618908,2.7300000000000004,5.051199712880001,3-4,3.7648174326937798,Below Median,Leading,Leading,Leading
KR7084370006,Semiconductors,2.38778689768,1.22453557006,1.9500000000000002,4.37657556552,2-3,3.7648174326937798,Below Median,Below Median,Below Median,Below Median
TW0002393006,Semiconductors,4.146481563528,4.10364689583,4.06,4.2900760173200005,4-5,3.7648174326937798,Leading,Above Median,Above Median,Below Median
TW0006288004,Semiconductors,5.044104586648,5.59296945349,3.94594121932,5.41044813152,5-6,3.7648174326937798,Above Median,Above Median,Above Median,Leading
TW0003035002,Semiconductors,6.218135955831999,6.098997034959999,7.0670407104,5.52808309576,6-7,3.7648174326937798,Above Median,Above Median,Above Median,Above Median
TW0004961008,Semiconductors,5.449974932129999,4.96721371503,6.5486445619,4.994986925159999,5-6,3.7648174326937798,Above Median,Above Median,Above Median,Leading
TW0003545000,Semiconductors,4.196103980719999,3.22565122355,4.5885238159199995,5.09762115508,4-5,3.7648174326937798,Leading,Leading,Above Median,Leading
US3463751087,Semiconductors,3.1703204342039997,1.8791784214200002,1.28852381592,6.7736397362,3-4,3.7648174326937798,Below Median,Below Median,Below Median,Above Median
TW0008131004,Semiconductors,6.054198162976,4.47141905296,9.00980415344,5.2089643192,6-7,3.7648174326937798,Above Median,Above Median,Above Median,Leading
TW0003532008,Semiconductors,6.252489962707999,4.62390750188,9.189891510079999,5.48653169644,6-7,3.7648174326937798,Above Median,Above Median,Above Median,Leading
TW0003413001,Semiconductors,5.164980058704,3.91965504645,6.569944210039999,5.42044925704,5-6,3.7648174326937798,Above Median,Above Median,Above Median,Leading
CNE100004PM0,Semiconductors,2.5389882628800002,1.88805192948,2.36852381592,3.5773678210399993,2-3,3.7648174326937798,Below Median,Below Median,Below Median,Below Median
KYG3790U1040,Semiconductors,2.362587754292,2.28677971139,1.08,3.74625289912,2-3,3.7648174326937798,Below Median,Below Median,Below Median,Below Median
TW0004952007,Semiconductors,4.69783870895,5.00098062272,3.6485554886200005,5.3429327109199996,4-5,3.7648174326937798,Above Median,Above Median,Above Median,Leading
CNE1000030S9,Semiconductors,4.017906162228,4.51816356663,2.7300000000000004,4.63880245192,4-5,3.7648174326937798,Leading,Above Median,Leading,Leading
TW0008081001,Semiconductors,4.018940128324,4.5672724770999995,1.6500000000000001,5.6567704582800005,4-5,3.7648174326937798,Leading,Above Median,Below Median,Above Median
TW0003443008,Semiconductors,4.780308024384,5.99522767539,3.28970350268,4.65101967808,4-5,3.7648174326937798,Above Median,Above Median,Leading,Leading
TW0006488000,Semiconductors,4.815455152158,4.39491208563,5.68210876482,4.5095256282,4-5,3.7648174326937798,Above Median,Above Median,Above Median,Leading
KYG393871085,Semiconductors,4.898162677914001,4.090629191610001,5.41040302286,5.46263364804,4-5,3.7648174326937798,Above Median,Above Median,Above Median,Leading
TW0003188009,Semiconductors,2.844040520352,0.0,3.8085238159199997,5.67161125192,2-3,3.7648174326937798,Below Median,Below Median,Above Median,Above Median
TW0002441003,Semiconductors,4.299768340211999,2.8148358560699998,5.9317364883599994,4.64771017092,4-5,3.7648174326937798,Leading,Leading,Above Median,Leading
CNE000000YF5,Semiconductors,2.94831821146,2.30678877901,1.28852381592,5.4634851836,2-3,3.7648174326937798,Below Median,Below Median,Below Median,Leading
US36241U1060,Semiconductors,2.383827856152,0.0,1.6500000000000001,6.29609285384,2-3,3.7648174326937798,Below Median,Below Median,Below Median,Above Median
JP3771800004,Semiconductors,4.702658311312,5.3501752375,4.06,4.48196072104,4-5,3.7648174326937798,Above Median,Above Median,Above Median,Below Median
CNE100002Q09,Semiconductors,1.8557714081039998,0.0,1.08,5.105904693679999,1-2,3.7648174326937798,Below Median,Below Median,Below Median,Leading
CNE100004314,Semiconductors,3.5028852777959996,2.21095766796,3.23846857068,5.489872131359999,3-4,3.7648174326937798,Leading,Below Median,Leading,Leading
CNE000001DN1,Semiconductors,2.486336891484,0.28451147883,2.7300000000000004,5.178440999839999,2-3,3.7648174326937798,Below Median,Below Median,Leading,Leading
KR7042700005,Semiconductors,2.0757334722599996,0.9445114788299999,1.08,4.57976293576,2-3,3.7648174326937798,Below Median,Below Median,Below Median,Leading
TW0006168008,Semiconductors,4.5042407788,4.50043585273,3.97232106204,5.04123373032,4-5,3.7648174326937798,Above Median,Above Median,Above Median,Leading
DE000HAG0005,Semiconductors,4.876509861924,5.53802516694,2.9237622070400002,5.94723711012,4-5,3.7648174326937798,Above Median,Above Median,Leading,Above Median
TW0006202005,Semiconductors,4.275449127292,5.09548592335,2.7300000000000004,4.7275158598400004,4-5,3.7648174326937798,Leading,Above Median,Leading,Leading
CNE100002V10,Semiconductors,2.697125360796,1.38272827713,1.08,6.066780166479999,2-3,3.7648174326937798,Below Median,Below Median,Below Median,Above Median
HK0000218211,Semiconductors,3.3554305420200006,2.57579122542,1.9500000000000002,5.80038017284,3-4,3.7648174326937798,Below Median,Leading,Below Median,Above Median
TW0002486008,Semiconductors,2.4831838702919997,0.8999999999999999,2.7685241316,4.30875543604,2-3,3.7648174326937798,Below Median,Below Median,Leading,Below Median
TW0008040007,Semiconductors,2.634116671704,1.85623938423,1.28852381592,5.01687924412,2-3,3.7648174326937798,Below Median,Below Median,Below Median,Leading
US4532041096,Semiconductors,2.9007312403959995,2.7952787281899996,0.5700000000000001,5.3720658303999995,2-3,3.7648174326937798,Below Median,Leading,Below Median,Leading
MYQ0166OO007,Semiconductors,4.857770956964,4.6785545111,5.918756713919999,4.03574046116,4-5,3.7648174326937798,Above Median,Above Median,Above Median,Below Median
CH0011029946,Semiconductors,4.162959269118,3.23294799456,3.20401569374,6.36191787724,4-5,3.7648174326937798,Leading,Leading,Leading,Above Median
DE0006231004,Semiconductors,5.18181057554,4.67204267048,3.5608445739200008,7.48246711724,5-6,3.7648174326937798,Above Median,Above Median,Above Median,Above Median
CNE100001377,Semiconductors,1.3643999576999999,0.0,0.0,4.547999859,1-2,3.7648174326937798,Below Median,Below Median,Below Median,Leading
US4581401001,Semiconductors,6.493700122856,6.499978394419999,4.6338290978,8.345200119160001,6-7,3.7648174326937798,Above Median,Above Median,Above Median,Above Median
US45817G2012,Semiconductors,2.363744186964,0.0,0.20852381592000002,7.670623473959999,2-3,3.7648174326937798,Below Median,Below Median,Below Median,Above Median
JP3152720003,Semiconductors,2.774593839612,0.61451147883,2.06852381592,6.36077367768,2-3,3.7648174326937798,Below Median,Below Median,Below Median,Above Median
US4611471008,Semiconductors,2.6849789143079996,0.0,1.9500000000000002,6.9999297143599994,2-3,3.7648174326937798,Below Median,Below Median,Below Median,Above Median
US44980X1090,Semiconductors,5.672769676143998,4.242841558329999,5.799999999999999,7.452110176039999,5-6,3.7648174326937798,Above Median,Above Median,Above Median,Above Median
GB0009619924,Semiconductors,4.08104925268,3.19916337142,1.28852381592,8.04942253112,4-5,3.7648174326937798,Leading,Leading,Below Median,Above Median
TW0003014007,Semiconductors,5.652346160067999,5.1483516862,6.8022350311999995,5.17444992076,5-6,3.7648174326937798,Above Median,Above Median,Above Median,Leading
JP3735300000,Semiconductors,1.6154462900039999,0.0,0.0,5.3848209666799995,1-2,3.7648174326937798,Below Median,Below Median,Below Median,Leading
JP3389680004,Semiconductors,2.803159231192,3.02293196182,1.08,4.23328815488,2-3,3.7648174326937798,Below Median,Leading,Below Median,Below Median
CNE000001F05,Semiconductors,4.6949985981,3.7586539506000003,5.1723426056,5.4661141205999995,4-5,3.7648174326937798,Above Median,Above Median,Above Median,Leading
CNE000000N97,Semiconductors,2.158177321776,0.9445114788299999,0.0,5.93457576748,2-3,3.7648174326937798,Below Median,Below Median,Below Median,Above Median
TW0005285001,Semiconductors,3.676958129900001,4.1360948117900005,1.5885238159200001,5.15321020136,3-4,3.7648174326937798,Leading,Above Median,Below Median,Leading
CNE0000017L3,Semiconductors,1.931112086936,0.06800301014,1.08,5.2663696096,1-2,3.7648174326937798,Below Median,Below Median,Below Median,Leading
TW0006552003,Semiconductors,2.162972685192,0.72951361503,1.6500000000000001,4.587224130599999,2-3,3.7648174326937798,Below Median,Below Median,Below Median,Leading
TW0002375003,Semiconductors,3.176878486692,0.8999999999999999,4.17,5.21959495564,3-4,3.7648174326937798,Below Median,Below Median,Above Median,Leading
JP3281610000,Semiconductors,2.562752815212,1.4847637866899999,1.08,5.48282433512,2-3,3.7648174326937798,Below Median,Below Median,Below Median,Leading
TW0002449006,Semiconductors,3.6184154958240002,3.5392166209500004,2.74401426912,4.59841522236,3-4,3.7648174326937798,Leading,Above Median,Leading,Leading
US4824801009,Semiconductors,5.333809824,6.33304205892,2.72258102416,6.61272897728,5-6,3.7648174326937798,Above Median,Above Median,Leading,Above Median
US5012421013,Semiconductors,5.183439638964,4.76383738254,4.47,6.45634895316,5-6,3.7648174326937798,Above Median,Above Median,Above Median,Above Median
US5128071082,Semiconductors,6.678283796394,6.4943220234,6.00511806494,7.59673189184,6-7,3.7648174326937798,Above Median,Above Median,Above Median,Above Median
JP3979200007,Semiconductors,2.712209592252,0.61451147883,2.16,6.061350002399999,2-3,3.7648174326937798,Below Median,Below Median,Below Median,Above Median
TW0003346003,Semiconductors,3.155551062312,3.15405379068,1.28852381592,5.02457467088,3-4,3.7648174326937798,Below Median,Leading,Below Median,Leading
US5184151042,Semiconductors,4.388582869588,3.5226041962,1.9500000000000002,7.98180397036,4-5,3.7648174326937798,Leading,Above Median,Below Median,Above Median
TW0003588000,Semiconductors,2.6843917891799993,1.9578740502599996,1.28852381592,5.048950080999999,2-3,3.7648174326937798,Below Median,Below Median,Below Median,Leading
KR7058470006,Semiconductors,2.11067176725,0.0,2.89040302286,4.14516953464,2-3,3.7648174326937798,Below Median,Below Median,Leading,Below Median
TW0002472008,Semiconductors,2.83978682498,2.45372731232,2.06852381592,4.12579585092,2-3,3.7648174326937798,Below Median,Below Median,Below Median,Below Median
TW0002369006,Semiconductors,3.434544466712,3.44965196831,2.3703668682400005,4.47857872972,3-4,3.7648174326937798,Below Median,Leading,Below Median,Below Median
TW0004979000,Semiconductors,3.880085735864,3.67103943098,2.4765956676,5.56230421064,3-4,3.7648174326937798,Leading,Above Median,Below Median,Above Median
US55405Y1001,Semiconductors,4.42780678708,4.47942231538,2.26049671168,6.526296158079999,4-5,3.7648174326937798,Leading,Above Median,Below Median,Above Median
TW0002337003,Semiconductors,4.915889667507999,3.36430052272,6.97768083564,4.922884025759999,4-5,3.7648174326937798,Above Median,Leading,Above Median,Leading
US55933J2033,Semiconductors,2.87303186556,1.1192553698999999,1.6500000000000001,6.434432392000001,2-3,3.7648174326937798,Below Median,Below Median,Below Median,Above Median
MYL3867OO008,Semiconductors,3.91335607056,3.0954720069899997,4.59892590524,4.31829832064,3-4,3.7648174326937798,Leading,Leading,Above Median,Below Median
US5738741041,Semiconductors,7.155515127244,6.69532525066,6.915432891839999,8.00918386476,7-8,3.7648174326937798,Above Median,Above Median,Above Median,Above Median
US57776J1007,Semiconductors,2.4558788846279995,0.04451147883,2.20628746032,5.92062685,2-3,3.7648174326937798,Below Median,Below Median,Below Median,Above Median
CNE100003QK4,Semiconductors,3.85219084668,2.66966714703,4.5264500808,4.754629878759999,3-4,3.7648174326937798,Leading,Leading,Above Median,Leading
TW0003527008,Semiconductors,3.25414663034,3.2374891210700003,1.9500000000000002,4.58050327304,3-4,3.7648174326937798,Below Median,Leading,Below Median,Leading
TW0002454006,Semiconductors,5.278334497594,6.412887945309999,3.75585941326,5.288071651639999,5-6,3.7648174326937798,Above Median,Above Median,Above Median,Leading
JP3920860008,Semiconductors,2.44080387498,2.0499857427,0.3,5.1026985929999995,2-3,3.7648174326937798,Below Median,Below Median,Below Median,Leading
BE0165385973,Semiconductors,4.404503401774,4.13003023357,3.18402774814,5.99094327968,4-5,3.7648174326937798,Leading,Above Median,Leading,Above Median
US5950171042,Semiconductors,5.255828558516,5.2467440844199995,4.10852381592,6.4152459332400005,5-6,3.7648174326937798,Above Median,Above Median,Above Median,Above Median
US5951121038,Semiconductors,6.086906675393999,4.75242176544,6.0528687669400005,7.900257797119999,6-7,3.7648174326937798,Above Median,Above Median,Above Median,Above Median
JP3750400008,Semiconductors,2.52487136418,1.3549304521499999,1.86,4.7496639444,2-3,3.7648174326937798,Below Median,Below Median,Below Median,Leading
JP3910570005,Semiconductors,1.7944366454879996,0.04451147883,1.28852381592,4.6335830306,1-2,3.7648174326937798,Below Median,Below Median,Below Median,Leading
TW0002464005,Semiconductors,3.461865491856,1.9611599563499997,4.00699193948,4.91767975824,3-4,3.7648174326937798,Below Median,Below Median,Above Median,Leading
US55306N1046,Semiconductors,5.12212194254,4.9092921161,3.28,7.248016987,5-6,3.7648174326937798,Above Median,Above Median,Leading,Above Median
CNE100001X19,Semiconductors,1.636391080848,0.24,0.0,5.13463693616,1-2,3.7648174326937798,Below Median,Below Median,Below Median,Leading
US6098391054,Semiconductors,4.538289606028,4.77464379307,2.8359757995200003,5.925464496479999,4-5,3.7648174326937798,Above Median,Above Median,Leading,Above Median
CNE100003MN7,Semiconductors,4.1017966476400005,4.65856790287,2.36852381592,5.09270780572,4-5,3.7648174326937798,Leading,Above Median,Below Median,Leading
TW0002434008,Semiconductors,2.955325168692,0.9445114788299999,2.06852381592,6.52321144128,2-3,3.7648174326937798,Below Median,Below Median,Below Median,Above Median
DE0006627201,Semiconductors,1.1985766124759998,0.0,1.08,2.9152553749199996,1-2,3.7648174326937798,Below Median,Below Median,Below Median,Below Median
SE0000375115,Semiconductors,4.599421548732,5.0393588589,2.77590950016,5.83635051708,4-5,3.7648174326937798,Above Median,Above Median,Leading,Above Median
US63010N1054,Semiconductors,1.453707584328,0.0,0.0,4.845691947760001,1-2,3.7648174326937798,Below Median,Below Median,Below Median,Leading
TW0002408002,Semiconductors,5.2895784688720004,4.18241439352,7.7138795470399995,4.34149615784,5-6,3.7648174326937798,Above Median,Above Median,Above Median,Below Median
CNE1000040F5,Semiconductors,2.8631011499039998,1.8217837557299998,2.7300000000000004,4.38462549204,2-3,3.7648174326937798,Below Median,Below Median,Leading,Below Median
CNE100000ML7,Semiconductors,2.696309963244,1.5145114788299998,1.28852381592,5.67982742312,2-3,3.7648174326937798,Below Median,Below Median,Below Median,Above Median
US64118P1093,Semiconductors,1.7499389218919998,0.0,1.9500000000000002,3.8831297396399993,1-2,3.7648174326937798,Below Median,Below Median,Below Median,Below Median
TW0003317004,Semiconductors,4.10320189284,4.1422077034800004,2.7300000000000004,5.424396038159999,4-5,3.7648174326937798,Leading,Above Median,Leading,Leading
JP3686200001,Semiconductors,3.8461488841080005,3.63155047263,2.7300000000000004,5.24842898352,3-4,3.7648174326937798,Leading,Above Median,Leading,Leading
JP3725200004,Semiconductors,2.268465035808,0.28451147883,1.6500000000000001,5.5322014809199995,2-3,3.7648174326937798,Below Median,Below Median,Below Median,Above Median
JP3701200002,Semiconductors,3.2962023562519995,2.43778809308,2.7300000000000004,5.0069570634,3-4,3.7648174326937798,Below Median,Below Median,Leading,Leading
NO0003055501,Semiconductors,5.951576994054,6.52478346819,4.36287883774,6.77599985152,5-6,3.7648174326937798,Above Median,Above Median,Above Median,Above Median
IL0010845571,Semiconductors,3.209404803724,2.4909420191200002,1.9500000000000002,5.42675998692,3-4,3.7648174326937798,Below Median,Below Median,Below Median,Leading
TW0003034005,Semiconductors,6.461307321127999,6.50347674368,7.36387130256,5.5025174429599994,6-7,3.7648174326937798,Above Median,Above Median,Above Median,Above Median
TW0004919006,Semiconductors,5.429787837968,4.33703026757,7.1416542816,5.1749314881999995,5-6,3.7648174326937798,Above Median,Above Median,Above Median,Leading
US6294452064,Semiconductors,2.413686718584,0.0,1.5885238159200001,6.45709857936,2-3,3.7648174326937798,Below Median,Below Median,Below Median,Above Median
US67066G1040,Semiconductors,5.980917457574,6.903427162250001,4.0571916769800005,6.6746302986,5-6,3.7648174326937798,Above Median,Above Median,Above Median,Above Median
NL0009538784,Semiconductors,6.15210882585,4.52853321099,7.26698246014,7.2020026780399995,6-7,3.7648174326937798,Above Median,Above Median,Above Median,Above Median
JP3193600008,Semiconductors,2.009061492288,0.04451147883,1.9500000000000002,4.68752300252,2-3,3.7648174326937798,Below Median,Below Median,Below Median,Leading
US6821891057,Semiconductors,6.254632736115999,4.51861463083,7.0469098279999995,7.77704645128,6-7,3.7648174326937798,Above Median,Above Median,Above Median,Above Median
US6833441057,Semiconductors,2.965202236212,0.24,1.9500000000000002,7.614007454039999,2-3,3.7648174326937798,Below Median,Below Median,Below Median,Above Median
TW0002329000,Semiconductors,5.109768413564,4.41665847308,5.67314863188,5.47053478256,5-6,3.7648174326937798,Above Median,Above Median,Above Median,Leading
JP3200400004,Semiconductors,2.0223786382439997,0.28451147883,1.5885238159200001,4.77338967312,2-3,3.7648174326937798,Below Median,Below Median,Below Median,Leading
DE000LED4000,Semiconductors,5.84114243127,5.184980230320001,5.663191318539999,6.8939764786,5-6,3.7648174326937798,Above Median,Above Median,Above Median,Above Median
US68989M2026,Semiconductors,2.384196991008,0.0,1.3800000000000001,6.56732330336,2-3,3.7648174326937798,Below Median,Below Median,Below Median,Above Median
TW0002481009,Semiconductors,4.3827643814399995,5.3217929030099995,2.7300000000000004,4.78349073412,4-5,3.7648174326937798,Leading,Above Median,Leading,Leading
US7013543001,Semiconductors,1.4916449944199999,0.0,0.20852381592000002,4.76362616548,1-2,3.7648174326937798,Below Median,Below Median,Below Median,Leading
US71360T2006,Semiconductors,2.5191370754160003,0.0,1.6500000000000001,6.747123584720001,2-3,3.7648174326937798,Below Median,Below Median,Below Median,Above Median
TW0008299009,Semiconductors,5.642561275552,6.092119750989999,5.19148780816,5.49422344236,5-6,3.7648174326937798,Above Median,Above Median,Above Median,Leading
US7194051022,Semiconductors,2.73353082276,0.0,2.7300000000000004,6.3817694092,2-3,3.7648174326937798,Below Median,Below Median,Leading,Above Median
CNE100005998,Semiconductors,3.362444272276,3.92811797059,1.28852381592,4.6821331308800005,3-4,3.7648174326937798,Below Median,Above Median,Below Median,Leading
US72581M3051,Semiconductors,2.8839072017759997,0.0,1.6500000000000001,7.9630240059199995,2-3,3.7648174326937798,Below Median,Below Median,Below Median,Above Median
US7392761034,Semiconductors,4.006295828363999,3.5425636194,1.5885238159200001,7.042377452759999,4-5,3.7648174326937798,Leading,Above Median,Below Median,Above Median
TW0006770001,Semiconductors,5.108413311012,3.6549105716699994,7.75457626336,4.4002540111199995,5-6,3.7648174326937798,Above Median,Above Median,Above Median,Below Median
TW0006239007,Semiconductors,4.638989350408,3.74331597814,5.64125019076,4.83095967308,4-5,3.7648174326937798,Above Median,Above Median,Above Median,Leading
TW0006173008,Semiconductors,4.125875294608,2.3643484042600003,5.7485241316,4.85192897808,4-5,3.7648174326937798,Leading,Below Median,Above Median,Leading
DE0007461006,Semiconductors,3.469519993816,2.6044470930099997,3.7418412017600007,4.3506293202799995,3-4,3.7648174326937798,Below Median,Leading,Above Median,Below Median
US74736K1016,Semiconductors,5.2202045222399995,4.512035570309999,3.79061959276,7.594014720960001,5-6,3.7648174326937798,Above Median,Above Median,Above Median,Above Median
US7475251036,Semiconductors,7.808379472722001,7.46183449752,8.14501993186,7.933798980520001,7-8,3.7648174326937798,Above Median,Above Median,Above Median,Above Median
US74837P4054,Semiconductors,2.2068960424800004,0.0,0.20852381592000002,7.147796325680001,2-3,3.7648174326937798,Below Median,Below Median,Below Median,Above Median
US7509171069,Semiconductors,3.513768008272,2.12567761189,1.6500000000000001,7.22832321172,3-4,3.7648174326937798,Leading,Below Median,Below Median,Above Median
TW0002379005,Semiconductors,6.742791388532,6.563847517939999,8.399999999999999,5.32417460452,6-7,3.7648174326937798,Above Median,Above Median,Above Median,Leading
TW0002302007,Semiconductors,2.0925680656799996,0.04451147883,1.28852381592,5.62735443124,2-3,3.7648174326937798,Below Median,Below Median,Below Median,Above Median
JP3164720009,Semiconductors,5.195079984688,5.2551227571400005,3.5050595092800005,6.80504343016,5-6,3.7648174326937798,Above Median,Above Median,Above Median,Above Median
US7631651079,Semiconductors,2.49089285082,0.0,1.6500000000000001,6.6529761694000005,2-3,3.7648174326937798,Below Median,Below Median,Below Median,Above Median
TW0004968003,Semiconductors,5.762072737692,5.774209659029999,6.65725029952,4.85071261408,5-6,3.7648174326937798,Above Median,Above Median,Above Median,Leading
TW0008104001,Semiconductors,3.424876495356,0.9445114788299999,4.88852381592,5.26838253016,3-4,3.7648174326937798,Below Median,Below Median,Above Median,Leading
ES0105225009,Semiconductors,0.6697712825759999,0.04451147883,0.0,2.17322230348,0-1,3.7648174326937798,Below Median,Below Median,Below Median,Below Median
CNE100003RK2,Semiconductors,1.388522417988,0.0,0.0,4.62840805996,1-2,3.7648174326937798,Below Median,Below Median,Below Median,Leading
JP3982800009,Semiconductors,4.896214429884,4.5807177735,4.75924766544,5.45384340284,4-5,3.7648174326937798,Above Median,Above Median,Above Median,Leading
JP3982200002,Semiconductors,2.024587014112,1.47224563114,0.0,4.785629205519999,2-3,3.7648174326937798,Below Median,Below Median,Below Median,Leading
JP3976200000,Semiconductors,4.211255020952,5.77951967219,1.08,5.25149050692,4-5,3.7648174326937798,Leading,Above Median,Below Median,Leading
JP3975410006,Semiconductors,3.4141145083640003,3.34139438639,2.20805285336,4.717136326,3-4,3.7648174326937798,Below Median,Leading,Below Median,Leading
JP3322950001,Semiconductors,1.538070401592,0.28451147883,0.0,4.7475527002,1-2,3.7648174326937798,Below Median,Below Median,Below Median,Leading
CNE000000KB3,Semiconductors,1.908408344592,0.04451147883,1.08,5.2220125102,1-2,3.7648174326937798,Below Median,Below Median,Below Median,Leading
JP3329600005,Semiconductors,3.562194502804,3.41019121183,2.7300000000000004,4.59706006024,3-4,3.7648174326937798,Leading,Leading,Leading,Leading
DE0005156236,Semiconductors,3.0643665069719996,1.5145114788299998,2.07892590524,6.116280479559999,3-4,3.7648174326937798,Below Median,Below Median,Below Median,Above Median
TW0003583001,Semiconductors,4.385048505747999,4.13975963581,3.55630601888,5.5408428192,4-5,3.7648174326937798,Leading,Above Median,Above Median,Above Median
JP3494600004,Semiconductors,5.236444081774,6.47381993752,3.6704030228600004,5.15265066636,5-6,3.7648174326937798,Above Median,Above Median,Above Median,Leading
TW0002351004,Semiconductors,4.733096394606,3.73020041241,4.923164920820001,5.8802225113199995,4-5,3.7648174326937798,Above Median,Above Median,Above Median,Above Median
JP3418400002,Semiconductors,2.066726946504,0.0,2.36852381592,4.52056600576,2-3,3.7648174326937798,Below Median,Below Median,Below Median,Leading
US8168501018,Semiconductors,3.9249069213360004,3.37462124349,1.6500000000000001,6.9335280798,3-4,3.7648174326937798,Leading,Leading,Below Median,Above Median
CH0406705126,Semiconductors,4.647910475772,3.99001659633,2.86594121932,7.30707157148,4-5,3.7648174326937798,Above Median,Above Median,Leading,Above Median
KR7046890000,Semiconductors,2.5787676108359996,1.27451147883,1.9500000000000002,4.946543397679999,2-3,3.7648174326937798,Below Median,Below Median,Below Median,Leading
US8173232070,Semiconductors,1.5051490202399997,0.0,0.0,5.0171634007999995,1-2,3.7648174326937798,Below Median,Below Median,Below Median,Leading
CNE100002NT4,Semiconductors,4.188809388492,4.210073373929999,2.7300000000000004,5.6192667964,4-5,3.7648174326937798,Leading,Above Median,Leading,Above Median
CNE000000XB6,Semiconductors,4.1520666360359995,4.4205598640999995,2.38708801264,5.55905428868,4-5,3.7648174326937798,Leading,Above Median,Below Median,Above Median
CNE100000510,Semiconductors,3.863504729362,3.3529602697299996,3.4045270158200003,5.00320838908,3-4,3.7648174326937798,Leading,Leading,Leading,Leading
CNE100002G84,Semiconductors,1.60271897508,0.24,0.0,5.0223965836,1-2,3.7648174326937798,Below Median,Below Median,Below Median,Leading
CNE100000Q50,Semiconductors,1.6368696670560001,0.33,0.0,5.01623222352,1-2,3.7648174326937798,Below Median,Below Median,Below Median,Leading
JP3355000005,Semiconductors,3.6222106864079997,3.86462364207,1.5885238159200001,5.332680282679999,3-4,3.7648174326937798,Leading,Above Median,Below Median,Leading
JP3371600002,Semiconductors,3.62002982902,3.70075042714,2.7300000000000004,4.40243219388,3-4,3.7648174326937798,Leading,Above Median,Leading,Below Median
JP3375800004,Semiconductors,4.349215077356,4.71529322618,3.28,4.930325956279999,4-5,3.7648174326937798,Leading,Above Median,Leading,Leading
KYG811801045,Semiconductors,2.626483324312,1.5309785158899998,2.7300000000000004,3.98363972652,2-3,3.7648174326937798,Below Median,Below Median,Leading,Below Median
TW0006257009,Semiconductors,3.6411753769999997,4.03049993516,2.7300000000000004,4.03325134312,3-4,3.7648174326937798,Leading,Above Median,Leading,Below Median
TW0002363009,Semiconductors,2.8491085676520003,1.39773887013,1.6500000000000001,5.983376732,2-3,3.7648174326937798,Below Median,Below Median,Below Median,Above Median
US8269191024,Semiconductors,5.16936172776,6.35880638838,2.40918037408,6.34361686728,5-6,3.7648174326937798,Above Median,Above Median,Below Median,Above Median
US82706C1080,Semiconductors,1.505703624204,0.9445114788299999,1.5885238159200001,2.17113962632,1-2,3.7648174326937798,Below Median,Below Median,Below Median,Below Median
TW0003530002,Semiconductors,2.0016609440879995,0.04451147883,1.28852381592,5.324330692599999,2-3,3.7648174326937798,Below Median,Below Median,Below Median,Leading
TW0003288007,Semiconductors,1.74861304632,0.0,1.28852381592,4.54018633848,1-2,3.7648174326937798,Below Median,Below Median,Below Median,Leading
DE000WAF3001,Semiconductors,4.70571788019,4.43319046974,4.04233928686,5.73246635412,4-5,3.7648174326937798,Above Median,Above Median,Above Median,Above Median
TW0005483002,Semiconductors,3.8234780994279993,2.4763796222799996,4.46518642432,4.977901077399999,3-4,3.7648174326937798,Leading,Below Median,Above Median,Leading
US82982T1060,Semiconductors,2.7879273261839996,1.23,1.9500000000000002,5.70309108728,2-3,3.7648174326937798,Below Median,Below Median,Below Median,Above Median
TW0008016007,Semiconductors,5.726222868971999,5.33108021013,7.24102233888,4.7382802775199995,5-6,3.7648174326937798,Above Median,Above Median,Above Median,Leading
KR7000660001,Semiconductors,5.3971918144819995,4.592610640549999,5.25165321362,6.61550531392,5-6,3.7648174326937798,Above Median,Above Median,Above Median,Above Median
JP3162640001,Semiconductors,2.056396848084,0.37451147883,1.6500000000000001,4.70530752184,2-3,3.7648174326937798,Below Median,Below Median,Below Median,Leading
US83089J1088,Semiconductors,2.2524534243959997,0.0,1.08,6.42817808132,2-3,3.7648174326937798,Below Median,Below Median,Below Median,Above Median
US83088M1027,Semiconductors,5.807930150602,4.29029954911,5.85114255774,7.78822521212,5-6,3.7648174326937798,Above Median,Above Median,Above Median,Above Median
KYG8232Y1017,Semiconductors,5.708741787001999,4.70253260129,6.19040302286,6.56869279876,5-6,3.7648174326937798,Above Median,Above Median,Above Median,Above Median
KYG8020E1199,Semiconductors,3.1956081295240004,2.48347087861,2.2364705657600004,5.104262027840001,3-4,3.7648174326937798,Below Median,Below Median,Below Median,Leading
DE0005178008,Semiconductors,1.3060659742679999,0.0,0.0,4.35355324756,1-2,3.7648174326937798,Below Median,Below Median,Below Median,Below Median
FR0013227113,Semiconductors,4.478167070175999,4.322207329449999,2.22505999448,6.93922046684,4-5,3.7648174326937798,Leading,Above Median,Below Median,Above Median
TW0005471007,Semiconductors,4.52698470284,3.78868086839,4.88852381592,5.149850702359999,4-5,3.7648174326937798,Above Median,Above Median,Above Median,Leading
TW0003055000,Semiconductors,3.6230601488280003,3.74710506918,1.28852381592,5.7922032546,3-4,3.7648174326937798,Leading,Above Median,Below Median,Above Median
CNE100003RN6,Semiconductors,1.81770709926,0.28451147883,0.0,5.67967502576,1-2,3.7648174326937798,Below Median,Below Median,Below Median,Above Median
NL0000226223,Semiconductors,7.022264516873999,6.32453071098,6.5073085404599995,8.46753223448,7-8,3.7648174326937798,Above Median,Above Median,Above Median,Above Median
DE000A1K0235,Semiconductors,4.8436528777620005,5.25311721798,3.70241283422,5.43894046768,4-5,3.7648174326937798,Above Median,Above Median,Above Median,Leading
JP3322930003,Semiconductors,4.385611230026,3.7513173151999997,4.79175975806,4.8251879217599996,4-5,3.7648174326937798,Leading,Above Median,Above Median,Leading
TW0002401007,Semiconductors,2.0840441971440002,1.18451147883,1.28852381592,4.07894153612,2-3,3.7648174326937798,Below Median,Below Median,Below Median,Below Median
CNE000001P60,Semiconductors,2.604032949492,1.27451147883,1.28852381592,5.69223737728,2-3,3.7648174326937798,Below Median,Below Median,Below Median,Above Median
US87157D1090,Semiconductors,3.9272334767599997,3.42854454527,1.9500000000000002,6.569385528839999,3-4,3.7648174326937798,Leading,Leading,Below Median,Above Median
TW0001582005,Semiconductors,4.071148867672,5.20387079017,1.08,5.552001838680001,4-5,3.7648174326937798,Leading,Above Median,Below Median,Above Median
TW0002338001,Semiconductors,3.266270354888,2.8443447421099997,1.28852381592,5.80658437756,3-4,3.7648174326937798,Below Median,Leading,Below Median,Above Median
TW0006278005,Semiconductors,4.3567691774532005,4.38227357631,4.060000000004,4.61953248976,4-5,3.7648174326937798,Leading,Above Median,Above Median,Leading
TW0002340007,Semiconductors,4.7882886248,3.10415490878,6.08158159256,5.7405072784,4-5,3.7648174326937798,Above Median,Leading,Above Median,Above Median
JP3468000009,Semiconductors,2.7173768173359996,2.1901645946799997,0.98852381592,5.14917944896,2-3,3.7648174326937798,Below Median,Below Median,Below Median,Leading
TW0004967005,Semiconductors,4.13824217094,5.18246822367,1.28852381592,5.59565912232,4-5,3.7648174326937798,Leading,Above Median,Below Median,Above Median
IT0005482333,Semiconductors,3.703796143478,4.10336837528,2.9866048051000003,3.8882245061199994,3-4,3.7648174326937798,Leading,Above Median,Leading,Below Median
US8807701029,Semiconductors,4.6501489048139995,3.39463209636,3.6704030228600004,7.30391719804,4-5,3.7648174326937798,Above Median,Leading,Above Median,Above Median
TW0003030003,Semiconductors,2.983365431256,0.9445114788299999,4.17,4.51520279908,2-3,3.7648174326937798,Below Median,Below Median,Above Median,Leading
US8825081040,Semiconductors,5.37034824663,4.84859946009,4.4107568742200005,7.02560466776,5-6,3.7648174326937798,Above Median,Above Median,Above Median,Above Median
CNE100000825,Semiconductors,2.7471930049360003,1.6913853534999999,1.9500000000000002,4.95212954512,2-3,3.7648174326937798,Below Median,Below Median,Below Median,Leading
KR7064760002,Semiconductors,1.8594723987839994,0.0,1.6500000000000001,4.548241329279999,1-2,3.7648174326937798,Below Median,Below Median,Below Median,Leading
JP3571400005,Semiconductors,6.318874664438001,7.07559728162,4.58324512494,7.04554071436,6-7,3.7648174326937798,Above Median,Above Median,Above Median,Above Median
JP3571800006,Semiconductors,4.347228428768,4.990401046280001,1.9500000000000002,5.88689336752,4-5,3.7648174326937798,Leading,Above Median,Below Median,Above Median
JP3580200008,Semiconductors,3.28459386576,1.5145114788299998,2.7300000000000004,6.19929758076,3-4,3.7648174326937798,Below Median,Below Median,Leading,Above Median
TW0006271000,Semiconductors,4.833708344512,4.47847938796,4.89586656564,5.24518873212,4-5,3.7648174326937798,Above Median,Above Median,Above Median,Leading
CNE1000006C3,Semiconductors,2.466973694184,0.9445114788299999,2.16,4.80389700884,2-3,3.7648174326937798,Below Median,Below Median,Below Median,Leading
TW0008021007,Semiconductors,4.345514122896,3.89123168205,4.06,5.2367381669199995,4-5,3.7648174326937798,Leading,Above Median,Above Median,Leading
JP3637280003,Semiconductors,2.557742798432,0.83050861598,2.36852381592,5.04994069088,2-3,3.7648174326937798,Below Median,Below Median,Below Median,Leading
JP3555700008,Semiconductors,3.793154527292,4.21594080929,2.06852381592,4.954070196,3-4,3.7648174326937798,Leading,Above Median,Below Median,Leading
IL0010823792,Semiconductors,2.3525759983079997,0.0,1.9500000000000002,5.891919994359999,2-3,3.7648174326937798,Below Median,Below Median,Below Median,Above Median
TW0002451002,Semiconductors,5.8245922255939995,5.8885724735,6.78636650094,4.77751095304,5-6,3.7648174326937798,Above Median,Above Median,Above Median,Leading
TW0002330008,Semiconductors,5.01496584609,4.32320588355,5.38153285978,5.57074544912,5-6,3.7648174326937798,Above Median,Above Median,Above Median,Above Median
TW0002426004,Semiconductors,4.035743358524,2.01844148147,4.95,5.81122255312,4-5,3.7648174326937798,Leading,Below Median,Above Median,Above Median
CH0033361673,Semiconductors,4.602325525156,3.69997950064,2.66286506656,7.744914016439999,4-5,3.7648174326937798,Above Median,Above Median,Leading,Above Median
US90385V1070,Semiconductors,2.7965216046,0.0,1.6500000000000001,7.671738682,2-3,3.7648174326937798,Below Median,Below Median,Below Median,Above Median
JP3126190002,Semiconductors,4.025537584444,3.45539850721,2.7300000000000004,6.0812606052,4-5,3.7648174326937798,Leading,Leading,Leading,Above Median
TW0002303005,Semiconductors,4.604864275,3.50766912949,4.9082596586400005,5.7643957520399995,4-5,3.7648174326937798,Above Median,Above Median,Above Median,Above Median
TW0008277005,Semiconductors,3.3392180436719996,0.9445114788299999,4.95,4.921378173799999,3-4,3.7648174326937798,Below Median,Below Median,Above Median,Leading
CNE000001M14,Semiconductors,4.260514290218,4.78002292493,2.5904030228600003,5.23794737796,4-5,3.7648174326937798,Leading,Above Median,Leading,Leading
KR7077500007,Semiconductors,1.94168769234,0.0,1.28852381592,5.1837684918799996,1-2,3.7648174326937798,Below Median,Below Median,Below Median,Leading
MYL5005OO003,Semiconductors,3.71531313521,3.3628352022500003,2.89040302286,5.010193824839999,3-4,3.7648174326937798,Leading,Leading,Leading,Leading
US91347P1057,Semiconductors,6.8016635532639995,5.52013787725,8.43182104128,6.8802069666,6-7,3.7648174326937798,Above Median,Above Median,Above Median,Above Median
JP3829900004,Semiconductors,2.024230427424,0.0,1.28852381592,5.458910942159999,2-3,3.7648174326937798,Below Median,Below Median,Below Median,Leading
TW0005347009,Semiconductors,5.138890686953999,3.78096216411,6.8362842179,5.2520685198,5-6,3.7648174326937798,Above Median,Above Median,Above Median,Leading
US9224171002,Semiconductors,4.9750520006359995,4.94628858092,2.60424021608,7.384215011479999,4-5,3.7648174326937798,Above Median,Above Median,Leading,Above Median
CNE100004413,Semiconductors,4.930321327235999,3.72896227842,6.570817184479999,4.89163753508,4-5,3.7648174326937798,Above Median,Above Median,Above Median,Leading
TW0002388006,Semiconductors,3.816853633776,4.8562499331,2.16,4.0878455351200005,3-4,3.7648174326937798,Leading,Above Median,Below Median,Below Median
TW0006789001,Semiconductors,4.602805524904,4.491809287030001,4.41034641264,4.943259620999999,4-5,3.7648174326937798,Above Median,Above Median,Above Median,Leading
US9282981086,Semiconductors,2.080769473992,0.0,1.9500000000000002,4.98589824664,2-3,3.7648174326937798,Below Median,Below Median,Below Median,Leading
US92835K1034,Semiconductors,2.11014737568,0.0,1.28852381592,5.74530076968,2-3,3.7648174326937798,Below Median,Below Median,Below Median,Above Median
TW0002455003,Semiconductors,2.8953720570919996,1.52347385261,2.06852381592,5.55141790424,2-3,3.7648174326937798,Below Median,Below Median,Below Median,Above Median
TW0006182009,Semiconductors,3.205798423744,1.8980539417,2.7300000000000004,5.42525615688,3-4,3.7648174326937798,Below Median,Below Median,Leading,Leading
TW0008110008,Semiconductors,4.224186392686,3.0006283416099997,5.2576506085,4.822132911640001,4-5,3.7648174326937798,Leading,Leading,Above Median,Leading
TW0002436003,Semiconductors,2.1305217552,0.9445114788299999,1.28852381592,4.55386672964,2-3,3.7648174326937798,Below Median,Below Median,Below Median,Leading
CNE100002XM8,Semiconductors,4.73801916844,5.43884548408,3.1484614837600002,5.3931417656,4-5,3.7648174326937798,Above Median,Above Median,Leading,Leading
TW0003105003,Semiconductors,5.220207794216,4.38435527321,7.664660048519999,3.89022556792,5-6,3.7648174326937798,Above Median,Above Median,Above Median,Below Median
TW0002344009,Semiconductors,5.487126465711999,5.50749901741,6.429146728479999,4.517942800679999,5-6,3.7648174326937798,Above Median,Above Median,Above Median,Leading
JP3154370005,Semiconductors,2.087724503472,0.0,1.6500000000000001,5.30908167824,2-3,3.7648174326937798,Below Median,Below Median,Below Median,Leading
US9778521024,Semiconductors,4.518529494016,3.73191413404,2.36852381592,7.717355652079998,4-5,3.7648174326937798,Above Median,Above Median,Below Median,Above Median
KR7030530000,Semiconductors,0.0,0.0,0.0,0.0,0-1,3.7648174326937798,Below Median,Below Median,Below Median,Below Median
KR7240810002,Semiconductors,3.364546275108,3.50225657934,1.9500000000000002,4.59547881124,3-4,3.7648174326937798,Below Median,Above Median,Below Median,Leading
BE0974310428,Semiconductors,3.91703318416,3.4823384382099998,2.9618412017600004,5.45181816116,3-4,3.7648174326937798,Leading,Leading,Leading,Leading
JP3990600003,Semiconductors,2.766934526024,2.60031657464,1.08,4.67602632056,2-3,3.7648174326937798,Below Median,Leading,Below Median,Leading
CNE100001R90,Semiconductors,3.2385199275720002,3.364563999,1.28852381592,5.02045727732,3-4,3.7648174326937798,Below Median,Leading,Below Median,Leading
CNE100001DJ8,Semiconductors,3.799497373656,3.74597954763,2.43,5.24035184868,3-4,3.7648174326937798,Leading,Above Median,Below Median,Leading
US29355A1079,Semiconductors,4.5904773426159995,4.9136419581999995,2.5043150711999997,6.2457534599199995,4-5,3.7648174326937798,Above Median,Above Median,Leading,Above Median
US3364331070,Semiconductors,4.511299415616,4.58101487169,2.26593406668,6.663710823119999,4-5,3.7648174326937798,Above Median,Above Median,Below Median,Above Median
US88160R1014,Automobiles,5.9900543614499995,6.025596022799999,5.3865373613,6.5461824798,5-6,2.934915373423,Above Median,Above Median,Above Median,Above Median
CNE100000296,Automobiles,3.660069796593,1.6525277079,5.19867093575,4.79819144236,3-4,2.934915373423,Above Median,Leading,Above Median,Leading
US50202M1027,Automobiles,3.9570122528250007,3.53265056625,4.697599792350001,3.7822402954000003,3-4,2.934915373423,Above Median,Above Median,Above Median,Below Median
US62914V1061,Automobiles,3.6965174607080002,4.22505850805,3.9694550514,2.71885847356,3-4,2.934915373423,Above Median,Above Median,Above Median,Below Median
US3453708600,Automobiles,6.011431822201001,6.5236334323,5.08728272915,6.252645435120001,6-7,2.934915373423,Above Median,Above Median,Above Median,Above Median
US98422D1054,Automobiles,3.973492016384,3.5982805253,3.5137006522000003,4.93356536868,3-4,2.934915373423,Above Median,Above Median,Above Median,Leading
US7311052010,Automobiles,3.494392892426,3.57856934075,1.0789967715000002,5.7975537489199995,3-4,2.934915373423,Leading,Above Median,Below Median,Above Median
CNE100005K77,Automobiles,3.759571553756,3.0308141114,2.5931051016,5.89771459572,3-4,2.934915373423,Above Median,Above Median,Above Median,Above Median
CNE100001TJ4,Automobiles,2.7579139022720005,1.59231208565,2.0323225498,5.037641010240001,2-3,2.934915373423,Leading,Leading,Leading,Leading
US5494981039,Automobiles,3.729736911808,0.25,4.8446324348,7.25449060456,3-4,2.934915373423,Above Median,Below Median,Above Median,Above Median
TH3545010003,Automobiles,2.67061283774,3.6644155977499997,0.0,4.0161553288,2-3,2.934915373423,Leading,Above Median,Below Median,Below Median
INE260D01016,Automobiles,1.8533987041319997,0.4968851805,0.21949875360000004,5.2959833528399995,1-2,2.934915373423,Below Median,Below Median,Below Median,Leading
US0395872098,Automobiles,2.359504069872,0.0,0.8944987536000001,6.97051481264,2-3,2.934915373423,Below Median,Below Median,Below Median,Above Median
US54405Q2093,Automobiles,1.979852766024,0.0,0.675,5.92450922008,1-2,2.934915373423,Below Median,Below Median,Below Median,Above Median
US3073597037,Automobiles,0.0,0.0,0.0,0.0,0-1,2.934915373423,Below Median,Below Median,Below Median,Below Median
CA35954F1080,Automobiles,0.0,0.0,0.0,0.0,0-1,2.934915373423,Below Median,Below Median,Below Median,Below Median
SGXZ55111462,Automobiles,0.0,0.0,0.0,0.0,0-1,2.934915373423,Below Median,Below Median,Below Median,Below Median
US5949181045,Software and Tech Services,5.950401722873,5.821057939639999,3.9963429165100006,8.07691890688,5-6,2.7637523493868037,Above Median,Above Median,Above Median,Above Median
US0231351067,Software and Tech Services,4.4798751545919995,4.658558912559999,1.7349396324,6.98656566616,4-5,2.7637523493868037,Above Median,Above Median,Above Median,Above Median
US68389X1054,Software and Tech Services,4.5400641761589995,5.61902304652,1.02586323929,6.615653285880001,4-5,2.7637523493868037,Above Median,Above Median,Leading,Above Median
US02079K3059,Software and Tech Services,4.633233641896,4.92806503294,1.88813451532,6.98522424708,4-5,2.7637523493868037,Above Median,Above Median,Above Median,Above Median
US01609W1027,Software and Tech Services,2.6180382238239996,1.8297456753999999,1.8221454715999998,4.46498770728,2-3,2.7637523493868037,Above Median,Above Median,Above Median,Below Median
US4592001014,Software and Tech Services,5.802937563695,6.97657490732,2.5790788675300003,7.461946468359999,5-6,2.7637523493868037,Above Median,Above Median,Above Median,Above Median
US81762P1021,Software and Tech Services,5.325095976162,5.93227132818,4.3819655299,5.4586592864,5-6,2.7637523493868037,Above Median,Above Median,Above Median,Leading
SE0000108656,Software and Tech Services,3.008591640408,0.0,4.584958648600001,5.443680152759999,3-4,2.7637523493868037,Above Median,Below Median,Above Median,Leading
US6974351057,Software and Tech Services,6.209051645274,6.921586427279999,4.71608120666,6.75197570788,6-7,2.7637523493868037,Above Median,Above Median,Above Median,Above Median
FR0000051732,Software and Tech Services,4.882000469466,4.3252174949999995,3.49680392006,7.00957431816,4-5,2.7637523493868037,Above Median,Above Median,Above Median,Above Median
US34959E1091,Software and Tech Services,4.413077974430999,5.1890113829999995,1.37665934269,6.41491872808,4-5,2.7637523493868037,Above Median,Above Median,Leading,Above Median
US90138F1021,Software and Tech Services,4.660670022027,5.731305723,1.8644721000900002,6.0293536759999995,4-5,2.7637523493868037,Above Median,Above Median,Above Median,Above Median
US00971T1016,Software and Tech Services,4.362949282771,3.60927142144,2.51514268589,7.215659694759999,4-5,2.7637523493868037,Above Median,Above Median,Above Median,Above Median
US6687711084,Software and Tech Services,5.744615248008,5.6722349073,3.4682750582800006,8.11746255868,5-6,2.7637523493868037,Above Median,Above Median,Above Median,Above Median
FR0000121329,Software and Tech Services,4.621412223727999,5.55915676088,0.98222740176,7.010270996159999,4-5,2.7637523493868037,Above Median,Above Median,Leading,Above Median
US22788C1053,Software and Tech Services,1.7575696654950002,0.0,0.8536482066900001,5.004917344960001,1-2,2.7637523493868037,Leading,Below Median,Leading,Leading
US7501021056,Software and Tech Services,2.614351796335,1.91625907918,0.75263414089,5.40685974132,2-3,2.7637523493868037,Above Median,Above Median,Leading,Leading
JP3877600001,Software and Tech Services,3.873588635332,4.28570265754,0.5327815532,6.66491035452,3-4,2.7637523493868037,Above Median,Above Median,Leading,Above Median
US8334451098,Software and Tech Services,2.059374114063,0.0,1.5626341408900002,5.301946239319999,2-3,2.7637523493868037,Leading,Below Median,Above Median,Leading
US26210C1045,Software and Tech Services,5.792165508526,5.648462414799999,4.5051238893,7.27081125272,5-6,2.7637523493868037,Above Median,Above Median,Above Median,Above Median
US23804L1035,Software and Tech Services,3.9690144288469997,3.00372674006,2.66510354265,6.55997556676,3-4,2.7637523493868037,Above Median,Above Median,Above Median,Above Median
JP3816600005,Software and Tech Services,3.179594250803,3.33000853064,0.8831725473300001,5.2754635811599995,3-4,2.7637523493868037,Above Median,Above Median,Leading,Leading
US67059N1081,Software and Tech Services,2.920157913691,2.06091131692,0.84943258469,6.13654537172,2-3,2.7637523493868037,Above Median,Above Median,Leading,Above Median
US88076W1036,Software and Tech Services,6.053551650005,6.0437392995799994,4.979553651950001,7.140632781959999,6-7,2.7637523493868037,Above Median,Above Median,Above Median,Above Median
JP3637300009,Software and Tech Services,2.0484915831869994,0.0,0.61268613301,6.215619144279999,2-3,2.7637523493868037,Leading,Below Median,Leading,Above Median
US60937P1066,Software and Tech Services,3.313723164611,2.9311257933799997,0.75263414089,6.38494201664,3-4,2.7637523493868037,Above Median,Above Median,Leading,Above Median
US98980G1022,Software and Tech Services,3.643423237939,4.148054323419999,1.30588693337,5.3081180952,3-4,2.7637523493868037,Above Median,Above Median,Leading,Leading
JP3689500001,Software and Tech Services,1.875275424039,0.0,1.6313635892900002,4.61955449084,1-2,2.7637523493868037,Leading,Below Median,Above Median,Leading
IL0002730112,Software and Tech Services,4.856585093574999,6.120364294059999,2.48491788569,5.54321336748,4-5,2.7637523493868037,Above Median,Above Median,Above Median,Above Median
IL0010824113,Software and Tech Services,3.677866573499,4.15041147248,1.7077219649300002,5.01795131676,3-4,2.7637523493868037,Above Median,Above Median,Above Median,Leading
US2681501092,Software and Tech Services,4.096496300203,4.34241601918,0.84943258469,7.01566705708,4-5,2.7637523493868037,Above Median,Above Median,Leading,Above Median
US18915M1071,Software and Tech Services,4.3811900285380005,3.83006310472,3.62213741066,5.87507854484,4-5,2.7637523493868037,Above Median,Above Median,Above Median,Above Median
US98980F1049,Software and Tech Services,3.761844770732,3.58368746768,1.7830098987199998,5.97822271348,3-4,2.7637523493868037,Above Median,Above Median,Above Median,Above Median
US70438V1061,Software and Tech Services,4.0190767911759995,3.0832213400199997,2.72582155684,6.56013929372,4-5,2.7637523493868037,Above Median,Above Median,Above Median,Above Median
US10316T1043,Software and Tech Services,2.738257180371,1.7399999999999998,0.75263414089,6.05488979368,2-3,2.7637523493868037,Above Median,Above Median,Leading,Above Median
JP3400400002,Software and Tech Services,3.839283186879,3.7060187529599995,2.50044484789,5.35580743776,3-4,2.7637523493868037,Above Median,Above Median,Above Median,Leading
US49639K1016,Software and Tech Services,2.068524108591,1.25085453906,2.1955379074900003,3.0317364024,2-3,2.7637523493868037,Leading,Leading,Above Median,Below Median
FI0009000277,Software and Tech Services,4.86562069617,4.57156053534,3.3410199521,6.78230165468,4-5,2.7637523493868037,Above Median,Above Median,Above Median,Above Median
CA53229C1077,Software and Tech Services,4.611005311707,4.3089596083199995,3.0264536784100002,6.59828454952,4-5,2.7637523493868037,Above Median,Above Median,Above Median,Above Median
CNE1000041K3,Software and Tech Services,3.635796493135,4.25502965926,1.9028637381700002,4.5430850266,3-4,2.7637523493868037,Above Median,Above Median,Above Median,Leading
NO0004822503,Software and Tech Services,3.695209571895,4.23311758974,1.11355246277,5.55965599056,3-4,2.7637523493868037,Above Median,Above Median,Leading,Above Median
JP3544000007,Software and Tech Services,3.8233524513240003,4.4314739228399995,0.0,6.83587627396,3-4,2.7637523493868037,Above Median,Above Median,Below Median,Above Median
US2041661024,Software and Tech Services,3.7222596989109995,3.6689300773599998,0.81835322097,6.6972723389199995,3-4,2.7637523493868037,Above Median,Above Median,Leading,Above Median
US92511U1025,Software and Tech Services,2.288210751603,0.0,0.75263414089,6.87473503112,2-3,2.7637523493868037,Leading,Below Median,Leading,Above Median
DE000A2GS401,Software and Tech Services,5.035462559583,4.3462710669,4.35827970737,6.63156740204,5-6,2.7637523493868037,Above Median,Above Median,Above Median,Above Median
US88025T1025,Software and Tech Services,2.837557756443,1.7399999999999998,1.07287058529,6.065655269520001,2-3,2.7637523493868037,Above Median,Above Median,Leading,Above Median
US83417Q2049,Software and Tech Services,1.9974205103909999,0.0,0.75263414089,5.90543422708,1-2,2.7637523493868037,Leading,Below Median,Leading,Above Median
IL0011334468,Software and Tech Services,4.189394777413,2.99043997768,4.7255368425899995,5.251859111879999,4-5,2.7637523493868037,Above Median,Above Median,Above Median,Leading
US7534221046,Software and Tech Services,2.4103107368069994,0.0,1.7615798159299998,6.272789306759999,2-3,2.7637523493868037,Leading,Below Median,Above Median,Above Median
US85917T1097,Software and Tech Services,2.336791934916,0.0,1.60374240876,6.18556404096,2-3,2.7637523493868037,Leading,Below Median,Above Median,Above Median
JP3173400007,Software and Tech Services,3.8230483426469997,4.995152540159999,1.60250926669,4.48078182192,3-4,2.7637523493868037,Above Median,Above Median,Above Median,Below Median
CNE100003PM2,Software and Tech Services,3.759345245206,3.8919667390599995,2.58188331842,4.75997851352,3-4,2.7637523493868037,Above Median,Above Median,Above Median,Leading
CNE100000QJ2,Software and Tech Services,4.109732051831999,4.518954172139999,2.32627582544,5.34755878448,4-5,2.7637523493868037,Above Median,Above Median,Above Median,Leading
US81730H1095,Software and Tech Services,1.9708307239109997,0.0,0.75263414089,5.816801605479999,1-2,2.7637523493868037,Leading,Below Median,Leading,Above Median
US05988J1034,Software and Tech Services,1.8494180936549998,0.0,0.75263414089,5.4120928379599995,1-2,2.7637523493868037,Leading,Below Median,Leading,Leading
CA09228F1036,Software and Tech Services,3.1364589652539996,1.9932326840799999,1.12934555054,6.6678740882,3-4,2.7637523493868037,Above Median,Above Median,Leading,Above Median
US4181001037,Software and Tech Services,2.052387244251,0.0,0.75263414089,6.08865667328,2-3,2.7637523493868037,Leading,Below Median,Leading,Above Median
FR0000063737,Software and Tech Services,3.411503375155,3.14046517366,1.6215628213700002,5.5628281976,3-4,2.7637523493868037,Above Median,Above Median,Above Median,Above Median
US74758T3032,Software and Tech Services,2.294713891059,0.0,0.75263414089,6.89641216264,2-3,2.7637523493868037,Leading,Below Median,Leading,Above Median
CNE1000009B9,Software and Tech Services,1.59362656398,0.0,0.0,5.3120885466,1-2,2.7637523493868037,Leading,Below Median,Below Median,Leading
US31188V1008,Software and Tech Services,1.8265191700229997,0.0,0.15253246041,5.935864773,1-2,2.7637523493868037,Leading,Below Median,Below Median,Above Median
US9222801022,Software and Tech Services,1.9868562689429998,0.0,0.75263414089,5.87022008892,1-2,2.7637523493868037,Leading,Below Median,Leading,Above Median
CNE100000ZD6,Software and Tech Services,1.537214903979,0.0,0.15253246041,4.97151721952,1-2,2.7637523493868037,Leading,Below Median,Below Median,Leading
US98983V1061,Software and Tech Services,3.573659311887,2.8492770483,1.51393264953,6.59922899236,3-4,2.7637523493868037,Above Median,Above Median,Above Median,Above Median
CH0012268360,Software and Tech Services,1.2925915833119999,0.0,0.11848468780000002,4.19015392324,1-2,2.7637523493868037,Below Median,Below Median,Below Median,Below Median
GB00B01QGK86,Software and Tech Services,4.2796222105110004,3.5059487626799997,2.16734634117,7.42346267696,4-5,2.7637523493868037,Above Median,Above Median,Above Median,Above Median
US98585N1063,Software and Tech Services,2.110645522239,0.0,0.75263414089,6.28285093324,2-3,2.7637523493868037,Leading,Below Median,Leading,Above Median
JP3346200003,Software and Tech Services,2.082094197831,1.19571456894,0.8536482066900001,4.492379694159999,2-3,2.7637523493868037,Leading,Leading,Leading,Below Median
US81374A1051,Software and Tech Services,2.193671538471,0.0,0.75263414089,6.55960432068,2-3,2.7637523493868037,Leading,Below Median,Leading,Above Median
JP3346300001,Software and Tech Services,3.087356322803,3.1431326481799995,1.00558212021,5.09476209156,3-4,2.7637523493868037,Above Median,Above Median,Leading,Leading
US53261M2035,Software and Tech Services,1.9939517947709997,0.0,0.75263414089,5.893871841679999,1-2,2.7637523493868037,Leading,Below Median,Leading,Above Median
FR0011040500,Software and Tech Services,3.215598017895,3.32504723538,0.9696590778499999,5.31560466796,3-4,2.7637523493868037,Above Median,Above Median,Leading,Leading
KR7035420009,Software and Tech Services,3.685585161815,3.9179760360199998,0.85203121401,6.20928461068,3-4,2.7637523493868037,Above Median,Above Median,Leading,Above Median
FR0000071797,Software and Tech Services,4.230247150607,6.88235729216,1.4333832712499999,3.49096417456,4-5,2.7637523493868037,Above Median,Above Median,Leading,Below Median
TW0006689003,Software and Tech Services,5.957371283693,6.23137875596,6.14562035579,5.40377891524,5-6,2.7637523493868037,Above Median,Above Median,Above Median,Leading
DE0005419105,Software and Tech Services,3.7147740894099996,4.4144823457,1.4633799219,5.0332239152,3-4,2.7637523493868037,Above Median,Above Median,Leading,Leading
US12468P1049,Software and Tech Services,2.0067849018149997,0.0,0.50350936617,6.18577363988,2-3,2.7637523493868037,Leading,Below Median,Leading,Above Median
US91544A1097,Software and Tech Services,2.011941706707,0.0,0.75263414089,5.953838214799999,2-3,2.7637523493868037,Leading,Below Median,Leading,Above Median
JP3545130001,Software and Tech Services,3.0266796407829997,3.11528968786,0.27101714821,5.66419540392,3-4,2.7637523493868037,Above Median,Above Median,Below Median,Above Median
JP3539000004,Software and Tech Services,3.518663132359,4.51019368174,0.37203121401000006,5.3432543182,3-4,2.7637523493868037,Above Median,Above Median,Below Median,Leading
DE000A288904,Software and Tech Services,1.394406092343,0.0,0.59324342917,4.05477687864,1-2,2.7637523493868037,Below Median,Below Median,Leading,Below Median
CNE000001BB0,Software and Tech Services,2.8885099956989997,2.6219996263799996,1.11176890113,5.02059824936,2-3,2.7637523493868037,Above Median,Above Median,Leading,Leading
IT0005037210,Software and Tech Services,1.5466757603789998,0.0,0.75263414089,4.40295172704,1-2,2.7637523493868037,Leading,Below Median,Leading,Below Median
FR0012882389,Software and Tech Services,3.222487562943,3.05959823634,1.27260334225,5.3895575524399995,3-4,2.7637523493868037,Above Median,Above Median,Leading,Leading
CNE100001S32,Software and Tech Services,1.4776472138519998,0.0,0.0,4.925490712839999,1-2,2.7637523493868037,Below Median,Below Median,Below Median,Leading
INE356A01018,Software and Tech Services,4.443424354163,3.52764821516,4.37033633445,5.737547225879999,4-5,2.7637523493868037,Above Median,Above Median,Above Median,Above Median
JP3100700008,Software and Tech Services,1.8113226648510001,0.0,0.8536482066900001,5.184094009480001,1-2,2.7637523493868037,Leading,Below Median,Leading,Leading
US90114C1071,Software and Tech Services,4.442929197434999,6.3172829532599994,2.30804025385,4.07867979992,4-5,2.7637523493868037,Above Median,Above Median,Above Median,Below Median
JP3712500002,Software and Tech Services,1.7021075413109998,0.23386154886,0.75540870129,4.6064677046,1-2,2.7637523493868037,Leading,Below Median,Leading,Leading
BE0974371032,Software and Tech Services,2.7085777244080003,2.96853017782,0.89327736896,4.17727480864,2-3,2.7637523493868037,Above Median,Above Median,Leading,Below Median
JP3126330004,Software and Tech Services,3.344194166799,3.2195535183599997,1.48827030381,5.36630556104,3-4,2.7637523493868037,Above Median,Above Median,Leading,Leading
SE0015961222,Software and Tech Services,3.1023589983599997,0.0,4.4821522236,5.8590444376,3-4,2.7637523493868037,Above Median,Below Median,Above Median,Above Median
GB00BMTV7393,Software and Tech Services,3.651668102224,3.3057015941199994,1.7125299264,6.052094955519999,3-4,2.7637523493868037,Above Median,Above Median,Above Median,Above Median
US68287N1000,Software and Tech Services,2.308302027783,0.0,0.8495378464900001,6.84480224612,2-3,2.7637523493868037,Leading,Below Median,Leading,Above Median
SE0016101844,Software and Tech Services,3.4520761576909997,2.8397197723399996,1.00996875477,6.71065874108,3-4,2.7637523493868037,Above Median,Above Median,Leading,Above Median
US10921T1016,Software and Tech Services,2.371097436123,0.0,0.75263414089,7.15102397952,2-3,2.7637523493868037,Leading,Below Median,Leading,Above Median
JP3305560009,Software and Tech Services,1.5452000117549998,0.0,0.50267130093,4.64799540492,1-2,2.7637523493868037,Leading,Below Median,Leading,Leading
US7433121008,Software and Tech Services,5.416434958443,6.815237035679999,2.21651969609,6.75128078448,5-6,2.7637523493868037,Above Median,Above Median,Above Median,Above Median
JP3310250000,Software and Tech Services,1.947582141519,0.0,0.50267130093,5.9892691708,1-2,2.7637523493868037,Leading,Below Median,Leading,Above Median
CNE000000KJ6,Software and Tech Services,2.319971502507,1.7399999999999998,0.36580489844999997,5.04743344324,2-3,2.7637523493868037,Leading,Above Median,Below Median,Leading
US22207T1016,Software and Tech Services,2.0340550680869995,0.0,0.63414945309,6.146034107199999,2-3,2.7637523493868037,Leading,Below Median,Leading,Above Median
JP3284000001,Software and Tech Services,1.6733590438350001,0.0,0.42349611837,5.15436736108,1-2,2.7637523493868037,Leading,Below Median,Below Median,Leading
US94724R1086,Software and Tech Services,1.958294293491,0.0,0.75263414089,5.77501350408,1-2,2.7637523493868037,Leading,Below Median,Leading,Above Median
IT0001454435,Software and Tech Services,4.766578299329,5.316899976559999,2.88675826335,5.912636099,4-5,2.7637523493868037,Above Median,Above Median,Above Median,Above Median
SA0007879543,Software and Tech Services,3.2736629675849995,2.16125773404,3.2346699142700004,4.79586299896,3-4,2.7637523493868037,Above Median,Above Median,Above Median,Leading
JP3105010007,Software and Tech Services,2.8057504054109996,1.7399999999999998,1.2116572351300001,5.82084411624,2-3,2.7637523493868037,Above Median,Above Median,Leading,Above Median
CNE100000M47,Software and Tech Services,3.949410145174,4.3555017568,1.9066267787,5.45073802948,3-4,2.7637523493868037,Above Median,Above Median,Above Median,Leading
FI4000519228,Software and Tech Services,3.375570036963,3.44378899572,1.4054624528900002,5.25471900936,3-4,2.7637523493868037,Above Median,Above Median,Leading,Leading
FI4000519236,Software and Tech Services,2.879081064803,2.8516726588399997,0.46077238285,5.33393428804,2-3,2.7637523493868037,Above Median,Above Median,Below Median,Leading
US1263271058,Software and Tech Services,1.9889421436349999,0.0,0.50350936617,6.12629777928,1-2,2.7637523493868037,Leading,Below Median,Leading,Above Median
JP3546300009,Software and Tech Services,1.372405599603,0.0,0.40165723512999996,4.17302809688,1-2,2.7637523493868037,Below Median,Below Median,Below Median,Below Median
JP3152750000,Software and Tech Services,2.673366550327,3.14275373482,0.92807333889,3.7928101824400002,2-3,2.7637523493868037,Above Median,Above Median,Leading,Below Median
US92347M1009,Software and Tech Services,1.6552719489149996,0.0,0.37796029757,5.139612865479999,1-2,2.7637523493868037,Leading,Below Median,Below Median,Leading
JP3436300002,Software and Tech Services,1.754451202659,0.0,0.57059981781,5.27757085772,1-2,2.7637523493868037,Leading,Below Median,Leading,Leading
JP3351050004,Software and Tech Services,1.9175214346679998,0.0,0.97654835352,5.41518976204,1-2,2.7637523493868037,Leading,Below Median,Leading,Leading
AU0000119307,Software and Tech Services,3.3168419469599995,1.7399999999999998,2.34165616152,6.39448366168,3-4,2.7637523493868037,Above Median,Above Median,Above Median,Above Median
JP3601600004,Software and Tech Services,3.6297360176870006,4.22215451216,1.40039915749,5.06918155192,3-4,2.7637523493868037,Above Median,Above Median,Leading,Leading
JP3108060009,Software and Tech Services,3.1092033739070004,3.81889706588,0.45326608373,4.81888240812,3-4,2.7637523493868037,Above Median,Above Median,Below Median,Leading
ES0105102000,Software and Tech Services,1.1224522748639998,0.0,0.145873952,3.59563363088,1-2,2.7637523493868037,Below Median,Below Median,Below Median,Below Median
AU000000MP15,Software and Tech Services,2.0711069461709997,0.0,0.36580489844999997,6.53788492212,2-3,2.7637523493868037,Leading,Below Median,Below Median,Above Median
JP3272600002,Software and Tech Services,1.5320810414669999,0.0,0.35238217073,4.75455463416,1-2,2.7637523493868037,Leading,Below Median,Below Median,Leading
JP3351070002,Software and Tech Services,3.643474402663,4.34259025582,0.75196252769,5.60283180676,3-4,2.7637523493868037,Above Median,Above Median,Leading,Above Median
JP3436400000,Software and Tech Services,1.491087919851,0.0,0.67827030381,4.29202276236,1-2,2.7637523493868037,Below Median,Below Median,Leading,Below Median
KR7112040001,Software and Tech Services,2.12156688786,1.9551692439,0.67981783852,3.7851794624799995,2-3,2.7637523493868037,Leading,Above Median,Leading,Below Median
CNE100000QL8,Software and Tech Services,1.4531057281800002,0.0,0.0,4.843685760600001,1-2,2.7637523493868037,Below Median,Below Median,Below Median,Leading
JP3765250000,Software and Tech Services,2.9147148811549997,2.9334237765799998,0.47245854457,5.33202602384,2-3,2.7637523493868037,Above Median,Above Median,Below Median,Leading
JP3311540003,Software and Tech Services,2.524974403003,1.88094940186,0.50267130093,5.4059775066,2-3,2.7637523493868037,Above Median,Above Median,Leading,Leading
JP3549020000,Software and Tech Services,1.6342625761829996,0.0,0.32450387681000004,5.123038043799999,1-2,2.7637523493868037,Leading,Below Median,Below Median,Leading
FR0000072597,Software and Tech Services,1.388964111975,0.0,0.52266550281,4.10721487044,1-2,2.7637523493868037,Below Median,Below Median,Leading,Below Median
CNE100002PW3,Software and Tech Services,1.626216087324,0.0,0.09478775024000001,5.325932540839999,1-2,2.7637523493868037,Leading,Below Median,Below Median,Leading
JP3431200009,Software and Tech Services,1.596972643995,0.0,0.38133309101,4.94190905564,1-2,2.7637523493868037,Leading,Below Median,Below Median,Leading
JP3910700008,Software and Tech Services,1.703125198491,0.0,1.31267130093,4.36441269404,1-2,2.7637523493868037,Leading,Below Median,Leading,Below Median
JP3386040004,Software and Tech Services,1.356595837179,0.0,0.50267130093,4.019314823,1-2,2.7637523493868037,Below Median,Below Median,Leading,Below Median
IT0005412504,Software and Tech Services,1.779625866627,0.0,3.59313472981,2.33895149228,1-2,2.7637523493868037,Leading,Below Median,Above Median,Below Median
JP3801470000,Software and Tech Services,1.8614769708030001,0.0,0.57725623801,5.6276669980000005,1-2,2.7637523493868037,Leading,Below Median,Leading,Above Median
FR0004050250,Software and Tech Services,3.284991608675,3.3793268201599997,1.7716708727700001,4.6725320626,3-4,2.7637523493868037,Above Median,Above Median,Above Median,Leading
FR0010291245,Software and Tech Services,2.1168079419,0.0,0.74269069196,6.31333578104,2-3,2.7637523493868037,Leading,Below Median,Leading,Above Median
US75704L1044,Software and Tech Services,2.1510061331309998,0.0,0.63414945309,6.535870990679999,2-3,2.7637523493868037,Leading,Below Median,Leading,Above Median
JP3422190003,Software and Tech Services,1.6909347255270002,0.0,0.36070919592999995,5.2757398891600005,1-2,2.7637523493868037,Leading,Below Median,Below Median,Leading
SE0007604061,Software and Tech Services,1.350268003488,0.0,0.0,4.50089334496,1-2,2.7637523493868037,Below Median,Below Median,Below Median,Leading
MX01ID000009,Software and Tech Services,3.184096956134,3.41817294134,2.3068742775799995,3.74921832108,3-4,2.7637523493868037,Above Median,Above Median,Above Median,Below Median
CNE100000MJ1,Software and Tech Services,1.6894759225799998,0.0,0.7495035648,4.882082843799999,1-2,2.7637523493868037,Leading,Below Median,Leading,Leading
JP3152790006,Software and Tech Services,2.7084420537679996,2.4149759291599997,0.9901890467200001,4.817983226959999,2-3,2.7637523493868037,Above Median,Above Median,Leading,Leading
AU000000IRI3,Software and Tech Services,2.176523951667,0.0,0.49644498537000004,6.758634853519999,2-3,2.7637523493868037,Leading,Below Median,Below Median,Above Median
US2480191012,Software and Tech Services,2.6847395653560002,0.0,1.8058194303600001,7.14331245416,2-3,2.7637523493868037,Above Median,Below Median,Above Median,Above Median
JP3651400008,Software and Tech Services,1.453384557732,0.0,1.1099999999999999,3.7346151924399997,1-2,2.7637523493868037,Below Median,Below Median,Leading,Below Median
JP3120110006,Software and Tech Services,2.908866698803,2.61809424394,0.84943258469,5.3559974193999995,2-3,2.7637523493868037,Above Median,Above Median,Leading,Leading
JP3346970001,Software and Tech Services,1.58770571706,0.0,0.5549999999999999,4.7373523902,1-2,2.7637523493868037,Leading,Below Median,Leading,Leading
SE0005851706,Software and Tech Services,2.3928921796349996,0.0,1.02192677225,6.9543804931999995,2-3,2.7637523493868037,Leading,Below Median,Leading,Above Median
CNE000000DM5,Software and Tech Services,2.399674001648,1.9746084833,0.42722740175999996,4.938874626,2-3,2.7637523493868037,Leading,Above Median,Below Median,Leading
SE0012313302,Software and Tech Services,1.3570151138520001,0.0,0.0,4.52338371284,1-2,2.7637523493868037,Below Median,Below Median,Below Median,Leading
JP3852000003,Software and Tech Services,1.729720807275,0.0,0.27101714821,5.49471887604,1-2,2.7637523493868037,Leading,Below Median,Below Median,Leading
JP3350930008,Software and Tech Services,1.5074764479149998,0.0,0.20709589921,4.817825593839999,1-2,2.7637523493868037,Leading,Below Median,Below Median,Leading
JP3201900002,Software and Tech Services,2.899315174103,2.37159579254,0.75263414089,5.749622049400001,2-3,2.7637523493868037,Above Median,Above Median,Leading,Above Median
GB00BN4M3M55,Software and Tech Services,2.931594812111,3.7559067725599995,0.54424624661,4.21986076368,2-3,2.7637523493868037,Above Median,Above Median,Leading,Below Median
ES0105093001,Software and Tech Services,2.412802714631,2.9638672355,1.1384903308499998,2.9523624039199996,2-3,2.7637523493868037,Leading,Above Median,Leading,Below Median
JP3271100004,Software and Tech Services,1.985228801775,0.0,1.0577791089300002,5.55965023032,1-2,2.7637523493868037,Leading,Below Median,Leading,Above Median
JP3772000000,Software and Tech Services,1.6443417956759998,0.0,0.7010860848,4.7800532341199995,1-2,2.7637523493868037,Leading,Below Median,Leading,Leading
ES0105509006,Software and Tech Services,0.9867423720359998,0.0,0.62938416956,2.6597570705599995,0-1,2.7637523493868037,Below Median,Below Median,Leading,Below Median
JP3977060007,Software and Tech Services,1.541573369067,0.0,0.28317254732999997,4.85540534956,1-2,2.7637523493868037,Leading,Below Median,Below Median,Leading
SE0000141137,Software and Tech Services,1.308628580199,0.0,0.99404338565,3.36805188168,1-2,2.7637523493868037,Below Median,Below Median,Leading,Below Median
CNE100001120,Software and Tech Services,3.502785409899,3.3291302868,1.64365167345,5.59345931048,3-4,2.7637523493868037,Above Median,Above Median,Above Median,Above Median
JP3159930001,Software and Tech Services,1.659222177567,0.0,0.57725623801,4.95348435388,1-2,2.7637523493868037,Leading,Below Median,Leading,Leading
JP3351000009,Software and Tech Services,1.4024645740109998,0.0,0.15253246041,4.5223494529599995,1-2,2.7637523493868037,Below Median,Below Median,Below Median,Leading
JP3168300006,Software and Tech Services,1.5688360911149999,0.0,0.22252781601,5.006925821039999,1-2,2.7637523493868037,Leading,Below Median,Below Median,Leading
MT0000400102,Software and Tech Services,1.5592374730759997,6.730609999999999e-06,1.3083167266,3.8891325428399997,1-2,2.7637523493868037,Leading,Below Median,Leading,Below Median
SE0009697220,Software and Tech Services,3.6961265061309994,2.80301205664,1.34393142437,7.239140853879999,3-4,2.7637523493868037,Above Median,Above Median,Leading,Above Median
JP3630000002,Software and Tech Services,1.6681232177669998,0.0,0.28317254732999997,5.277238178559999,1-2,2.7637523493868037,Leading,Below Median,Below Median,Leading
JP3400090001,Software and Tech Services,1.910456038515,0.0,0.28317254732999997,6.08501424772,1-2,2.7637523493868037,Leading,Below Median,Below Median,Above Median
JP3758230001,Software and Tech Services,2.938352240783,2.8346801946799998,0.7002345412900001,5.31469933508,2-3,2.7637523493868037,Above Median,Above Median,Leading,Leading
IT0001498481,Software and Tech Services,1.239188555064,0.0,0.30000000000000004,3.83062851688,1-2,2.7637523493868037,Below Median,Below Median,Below Median,Below Median
NO0012861667,Software and Tech Services,2.6512853089109996,2.93953587516,0.9808759565699999,3.93736057292,2-3,2.7637523493868037,Above Median,Above Median,Leading,Below Median
CNE100000VR5,Software and Tech Services,1.47726832002,0.0,0.0,4.9242277334,1-2,2.7637523493868037,Below Median,Below Median,Below Median,Leading
US3061372096,Software and Tech Services,2.170982682291,0.0,0.49644498537000004,6.7401639556,2-3,2.7637523493868037,Leading,Below Median,Below Median,Above Median
CNE1000010B7,Software and Tech Services,1.63673398014,0.0,0.0,5.455779933800001,1-2,2.7637523493868037,Leading,Below Median,Below Median,Leading
DE000A2E4SV8,Software and Tech Services,0.9862304297790001,0.0,0.24732021064999998,3.04011455528,0-1,2.7637523493868037,Below Median,Below Median,Below Median,Below Median
DK0061549052,Software and Tech Services,0.8197866854999999,0.0,0.0,2.7326222849999997,0-1,2.7637523493868037,Below Median,Below Median,Below Median,Below Median
JP3130230000,Software and Tech Services,2.2609064369469998,1.3436088275199998,0.40165723512999996,5.343219118,2-3,2.7637523493868037,Leading,Leading,Below Median,Leading
KYG5264Y1089,Software and Tech Services,2.4349848901,2.1247508050599997,1.23951006896,4.04410515796,2-3,2.7637523493868037,Leading,Above Median,Leading,Below Median
JP3346170008,Software and Tech Services,3.014645997659,2.85527575514,0.8536482066900001,5.38813744532,3-4,2.7637523493868037,Above Median,Above Median,Leading,Leading
JP3268870007,Software and Tech Services,1.4931205558680003,0.0,0.48176568032,4.495302839240001,1-2,2.7637523493868037,Below Median,Below Median,Below Median,Below Median
KR7000390005,Software and Tech Services,2.983546087132,3.8906621547999998,0.0,4.75760408404,2-3,2.7637523493868037,Above Median,Above Median,Below Median,Leading
JP3101100000,Software and Tech Services,1.865870990784,0.0,0.5157139302,5.703856039080001,1-2,2.7637523493868037,Leading,Below Median,Leading,Above Median
GB0033600353,Software and Tech Services,2.368118642847,0.0,2.53501394281,5.35871486668,2-3,2.7637523493868037,Leading,Below Median,Above Median,Leading
GRS802003004,Software and Tech Services,1.156378023108,0.0,0.46946159356000006,3.3851318168,1-2,2.7637523493868037,Below Median,Below Median,Below Median,Below Median
DK0010270347,Software and Tech Services,3.3886081526069995,2.71653830514,1.50511748733,6.16819194784,3-4,2.7637523493868037,Above Median,Above Median,Above Median,Above Median
GB00BYYX6C66,Software and Tech Services,1.6904943865799995,0.0,0.21327243804,5.421708850559999,1-2,2.7637523493868037,Leading,Below Median,Below Median,Leading
DK0061113511,Software and Tech Services,1.6693079262509996,0.0,1.29099878041,4.273360973759999,1-2,2.7637523493868037,Leading,Below Median,Leading,Below Median
NZVGLE0003S1,Software and Tech Services,3.3926119614630004,2.9004054449399996,0.65256451345,6.7889347648400005,3-4,2.7637523493868037,Above Median,Above Median,Leading,Above Median
JP3802950000,Software and Tech Services,1.844042895483,0.0,0.62199405397,5.52481559764,1-2,2.7637523493868037,Leading,Below Median,Leading,Above Median
JP3564600009,Software and Tech Services,1.532496946332,0.0,0.5549999999999999,4.55332315444,1-2,2.7637523493868037,Leading,Below Median,Leading,Leading
JP3765220003,Software and Tech Services,2.110899829452,0.0,1.3294987535999998,5.70683401124,2-3,2.7637523493868037,Leading,Below Median,Leading,Above Median
JP3765120005,Software and Tech Services,1.7506677689399999,0.0,0.7744987536,5.0610604762,1-2,2.7637523493868037,Leading,Below Median,Leading,Leading
JP3713400004,Software and Tech Services,2.096983033332,0.0,1.3902896476,5.59965379684,2-3,2.7637523493868037,Leading,Below Median,Leading,Above Median
US92823T2078,Software and Tech Services,1.530356926095,0.0,0.75263414089,4.34855561276,1-2,2.7637523493868037,Leading,Below Median,Leading,Below Median
JP3654100001,Software and Tech Services,2.816170932227,2.95556644412,0.49845567893,4.948025502999999,2-3,2.7637523493868037,Above Median,Above Median,Below Median,Leading
IT0005440893,Software and Tech Services,3.200274635543,2.50815639524,1.5551169843300001,5.76825660716,3-4,2.7637523493868037,Above Median,Above Median,Above Median,Above Median
US26253C2017,Software and Tech Services,1.7760081702990003,0.0,0.36580489844999997,5.5542223358800005,1-2,2.7637523493868037,Leading,Below Median,Below Median,Above Median
FR0014005DA7,Software and Tech Services,4.490155701679,4.7179106902,1.1212658853700002,7.55537219996,4-5,2.7637523493868037,Above Median,Above Median,Leading,Above Median
NO0012916131,Software and Tech Services,4.884966655783,4.93267549534,3.4353481673700004,6.27097335812,4-5,2.7637523493868037,Above Median,Above Median,Above Median,Above Median
US00676P1075,Software and Tech Services,3.0099720717149996,1.26,0.75263414089,7.600606098159999,3-4,2.7637523493868037,Above Median,Leading,Leading,Above Median
IT0005433740,Software and Tech Services,2.8945228882750005,4.61919867526,1.0237121074900002,2.4657659530800005,2-3,2.7637523493868037,Above Median,Above Median,Leading,Below Median
CNE0000001Y0,Software and Tech Services,1.71731112672,0.0,0.0,5.724370422400001,1-2,2.7637523493868037,Leading,Below Median,Below Median,Above Median
SGXZ19450089,Software and Tech Services,1.8357409851029998,0.0,0.15253246041,5.9666041566,1-2,2.7637523493868037,Leading,Below Median,Below Median,Above Median
