Industry,type,ISIN,Board Composition,Executive Compensation,Shareholder Rights,Audit,GOVERNANCE SCORE,Mean Governance,Board Composition Classification,Executive Compensation Classification,Shareholder Rights Classification,Audit Classification
Semiconductors,Governance,CNE100004ZD8,4.781484127,1.606769562,7.086885929,7.334174156,4.98127946852,5.520734919676617,Leading,Below Median,Leading,Leading
Semiconductors,Governance,US00108J1097,6.737668514,5.417960644,2.72034812,8.193264961,5.689677162160001,5.520734919676617,Above Median,Above Median,Below Median,Above Median
Semiconductors,Governance,US0079031078,7.321753502,7.927024364,7.079516888,8.231826782,7.5544934463199995,5.520734919676617,Above Median,Above Median,Leading,Above Median
Semiconductors,Governance,TW0003438008,5.590106964,3.947556019,7.377765179,7.552586079,5.9389293672,5.520734919676617,Above Median,Leading,Leading,Above Median
Semiconductors,Governance,CNE100003MM9,2.506993771,3.522681475,7.086885929,6.040477276,4.4152902986800004,5.520734919676617,Below Median,Leading,Leading,Below Median
Semiconductors,Governance,TW0003437000,4.673395634,5.148470402,7.377765179,5.701807976,5.60100824384,5.520734919676617,Leading,Above Median,Leading,Below Median
Semiconductors,Governance,TW0008261009,2.273677588,3.975230694,7.377765179,4.711979866,4.29715971976,5.520734919676617,Below Median,Leading,Leading,Below Median
Semiconductors,Governance,JP3122400009,5.100127697,8.22027874,8.390599251,6.203794956,6.81526388172,5.520734919676617,Leading,Above Median,Above Median,Below Median
Semiconductors,Governance,DE000A0WMPJ6,8.806922913,7.951746464,4.457961559,9.445491791,7.660100860759999,5.520734919676617,Above Median,Above Median,Below Median,Above Median
Semiconductors,Governance,KYG022421088,3.349087477,2.793851852,4.390323639,6.071382999,3.9012948893999995,5.520734919676617,Below Median,Below Median,Below Median,Below Median
Semiconductors,Governance,TW0003041000,5.046969891,4.57499218,7.377765179,8.27841568,6.01011743572,5.520734919676617,Leading,Above Median,Leading,Above Median
Semiconductors,Governance,CNE100001ZN3,5.238461018,1.90740478,7.086885929,6.238321781,5.0426072216,5.520734919676617,Leading,Below Median,Leading,Below Median
Semiconductors,Governance,US01749D1054,5.438482285,6.068507671,1.896954298,9.792127609,5.4363049126,5.520734919676617,Leading,Above Median,Below Median,Above Median
Semiconductors,Governance,BMG6331P1041,6.106594086,8.328053474,8.004261971,9.980111122,7.71494735728,5.520734919676617,Above Median,Above Median,Above Median,Above Median
Semiconductors,Governance,GB00BNDRMJ14,6.838038445,4.89778614,7.748560429,7.472986698,6.69249488844,5.520734919676617,Above Median,Above Median,Above Median,Leading
Semiconductors,Governance,KYG037AX1015,6.232953072,5.841841698,3.939138651,9.462891579,6.10536104232,5.520734919676617,Above Median,Above Median,Below Median,Above Median
Semiconductors,Governance,US0316521006,5.36813736,7.716303349,5.098236561,7.630759239,6.22894050624,5.520734919676617,Leading,Above Median,Below Median,Above Median
Semiconductors,Governance,CNE100003LZ3,4.605224609,1.844119906,7.086885929,7.382537842,4.98252831436,5.520734919676617,Leading,Below Median,Leading,Leading
Semiconductors,Governance,TW0002493004,3.788053513,4.11853075,7.377765179,4.274916172,4.80679687516,5.520734919676617,Below Median,Leading,Leading,Below Median
Semiconductors,Governance,AT0000A18XM4,6.545043945,8.420575142,6.664523602,9.39675808,7.480120811559999,5.520734919676617,Above Median,Above Median,Leading,Above Median
Semiconductors,Governance,US0323325045,5.665424347,8.380083084,6.248436928,9.729994774,7.10719673164,5.520734919676617,Above Median,Above Median,Below Median,Above Median
Semiconductors,Governance,US0326541051,7.126816273,8.48470974,7.02905798,7.103319168,7.42548917796,5.520734919676617,Above Median,Above Median,Leading,Leading
Semiconductors,Governance,TW0006291008,2.860860348,4.107590675,7.377765179,6.535326004,4.83204729088,5.520734919676617,Below Median,Leading,Leading,Leading
Semiconductors,Governance,TW0006533003,3.587029696,4.623229504,7.377765179,6.164391518,5.15787205736,5.520734919676617,Below Median,Above Median,Leading,Below Median
Semiconductors,Governance,TW0006138001,3.967530012,3.970756054,7.377765179,4.932163715,4.94110209464,5.520734919676617,Below Median,Leading,Leading,Below Median
Semiconductors,Governance,JP3105280006,3.263403893,0.0,8.697329521,9.998077393,4.8618768694,5.520734919676617,Below Median,Below Median,Above Median,Above Median
Semiconductors,Governance,TW0006531007,4.571528912,4.192453861,7.377765179,6.041668415,5.38926992432,5.520734919676617,Leading,Leading,Leading,Below Median
Semiconductors,Governance,TW0008271008,3.014785767,4.721523762,7.377765179,4.711979866,4.743069000519999,5.520734919676617,Below Median,Above Median,Leading,Below Median
Semiconductors,Governance,TW0006449002,2.898930073,5.363122463,7.377765179,5.806267738,5.030430698439999,5.520734919676617,Below Median,Above Median,Leading,Below Median
Semiconductors,Governance,US0382221051,8.792739868,8.64541626,8.098373413,9.149185181,8.647765502959999,5.520734919676617,Above Median,Above Median,Above Median,Above Median
Semiconductors,Governance,TW0003264008,1.882783294,3.827242851,7.377765179,7.739839077,4.605378165359999,5.520734919676617,Below Median,Leading,Leading,Above Median
Semiconductors,Governance,NO0010946593,4.24560833,0.0,6.819554329,1.54709208,3.41264677056,5.520734919676617,Below Median,Below Median,Leading,Below Median
Semiconductors,Governance,US04302A1043,7.028330803,5.147849083,3.076985836,8.049406052,5.792064437960001,5.520734919676617,Above Median,Above Median,Below Median,Above Median
Semiconductors,Governance,TW0003711008,3.652708292,3.150937319,7.377765179,4.005019188,4.482666654719999,5.520734919676617,Below Median,Below Median,Leading,Below Median
Semiconductors,Governance,TW0003169009,4.458669662,4.06196928,7.377765179,6.042959213,5.317530822559999,5.520734919676617,Below Median,Leading,Leading,Below Median
Semiconductors,Governance,NL0000334118,6.122514725,7.876181602,5.105100155,9.551971436,6.847928352439999,5.520734919676617,Above Median,Above Median,Below Median,Above Median
Semiconductors,Governance,TW0005269005,2.27720809,4.434425354,7.377765179,5.568656921,4.54570574768,5.520734919676617,Below Median,Leading,Leading,Below Median
Semiconductors,Governance,NL0010273215,8.726164818,9.017343521,4.977509975,9.605581284,8.03707717896,5.520734919676617,Above Median,Above Median,Below Median,Above Median
Semiconductors,Governance,KYG0535Q1331,7.194505215,3.193645477,6.0760746,6.867251396,5.91351491924,5.520734919676617,Above Median,Below Median,Below Median,Leading
Semiconductors,Governance,TW0005274005,4.432425022,4.829888821,7.377765179,5.52539444,5.409573078319999,5.520734919676617,Below Median,Above Median,Leading,Below Median
Semiconductors,Governance,US04965B1008,7.708329678,7.198475361,6.947340965,9.769928932,7.73318323144,5.520734919676617,Above Median,Above Median,Leading,Above Median
Semiconductors,Governance,KR7017900002,4.644309044,0.341162622,6.031414032,4.711979866,3.9552864313599994,5.520734919676617,Leading,Below Median,Below Median,Below Median
Semiconductors,Governance,US0545402085,8.362420082,8.206558228,5.527767658,7.41272831,7.49274597176,5.520734919676617,Above Median,Above Median,Below Median,Leading
Semiconductors,Governance,JP3108080007,4.549303055,0.0,7.620788574,9.787671089,5.0327657318,5.520734919676617,Leading,Below Median,Above Median,Above Median
Semiconductors,Governance,US00246W1036,5.449296951,8.352039337,4.530750751,8.933405876,6.48296146364,5.520734919676617,Leading,Above Median,Below Median,Above Median
Semiconductors,Governance,NL0012866412,7.06812048,5.390843868,5.117293835,8.643590927,6.44945096984,5.520734919676617,Above Median,Above Median,Below Median,Above Median
Semiconductors,Governance,TW0003031001,3.451748848,4.485352993,7.377765179,5.28219986,4.93492992416,5.520734919676617,Below Median,Leading,Leading,Below Median
Semiconductors,Governance,US11135F1012,7.600337505,5.993328094,6.69043541,8.984477043,7.21774106964,5.520734919676617,Above Median,Above Median,Leading,Above Median
Semiconductors,Governance,CNE100001XM0,4.952577114,1.834213853,7.086885929,6.839728355,5.01834824552,5.520734919676617,Leading,Below Median,Leading,Leading
Semiconductors,Governance,DE000A1TNMM9,3.193480253,0.0,6.456249714,2.732791185,3.13639941204,5.520734919676617,Below Median,Below Median,Below Median,Below Median
Semiconductors,Governance,US1572101053,6.742772102,7.981429577,5.72464323,7.05381918,6.8454664992,5.520734919676617,Above Median,Above Median,Below Median,Leading
Semiconductors,Governance,TW0003257002,2.955283642,3.507367134,7.377765179,4.088634491,4.3305153848,5.520734919676617,Below Median,Leading,Leading,Below Median
Semiconductors,Governance,TW0008070004,4.074368954,1.407511473,7.377765179,5.262764931,4.417281608880001,5.520734919676617,Below Median,Below Median,Leading,Below Median
Semiconductors,Governance,TW0006548001,2.169755459,3.40659976,6.819554329,5.77473259,4.159346160999999,5.520734919676617,Below Median,Below Median,Leading,Below Median
Semiconductors,Governance,TW0001597003,4.20681715,4.157322407,7.377765179,5.206467628,5.11591001512,5.520734919676617,Below Median,Leading,Leading,Below Median
Semiconductors,Governance,CNE100003S06,4.737406731,1.175647974,1.497060299,8.536770821,3.7127997400400004,5.520734919676617,Leading,Below Median,Below Median,Above Median
Semiconductors,Governance,TW0008084005,3.681754351,5.359911442,7.377765179,9.863467216,5.960628709959999,5.520734919676617,Below Median,Above Median,Leading,Above Median
Semiconductors,Governance,TW0006147002,3.998913288,4.52421999,7.377765179,4.710699081,5.049797077199999,5.520734919676617,Below Median,Above Median,Leading,Below Median
Semiconductors,Governance,TW0008150004,4.304457188,5.498659611,7.377765179,7.351605415,5.816203403679999,5.520734919676617,Below Median,Above Median,Leading,Leading
Semiconductors,Governance,US1727551004,7.91437006,8.87985611,5.600254536,7.624628544,7.54434034368,5.520734919676617,Above Median,Above Median,Below Median,Above Median
Semiconductors,Governance,GB0001602944,4.571010113,4.4016819,6.574522972,5.758366585,5.20119146356,5.520734919676617,Leading,Leading,Leading,Below Median
Semiconductors,Governance,US19247G1076,6.85950613,8.266676903,4.102401733,9.16508007,6.904413890639999,5.520734919676617,Above Median,Above Median,Below Median,Above Median
Semiconductors,Governance,US1925761066,5.6095891,8.253634453,4.196398735,6.766426086,6.09008821488,5.520734919676617,Above Median,Above Median,Below Median,Leading
Semiconductors,Governance,KYG234201138,4.473397732,5.613673687,6.384955406,6.762897491,5.5721577644,5.520734919676617,Below Median,Above Median,Below Median,Leading
Semiconductors,Governance,TW0002466000,3.67380929,3.977888584,7.377765179,9.009882927,5.48950951584,5.520734919676617,Below Median,Leading,Leading,Above Median
Semiconductors,Governance,MYL7204OO000,3.643307686,2.769794464,6.24620676,4.925561905,4.26352096552,5.520734919676617,Below Median,Below Median,Below Median,Below Median
Semiconductors,Governance,JP3487600003,5.193815708,1.248124599,6.0699687,7.505016804,4.82691873528,5.520734919676617,Leading,Below Median,Below Median,Above Median
Semiconductors,Governance,CNE000000X87,5.89922905,2.900609255,7.086885929,5.528864384,5.4053396036,5.520734919676617,Above Median,Below Median,Leading,Below Median
Semiconductors,Governance,TW0003094009,4.373282909,4.675970554,7.377765179,7.288063526,5.63336858732,5.520734919676617,Below Median,Above Median,Leading,Leading
Semiconductors,Governance,KR7000990002,4.327886105,3.388831377,6.819554329,7.648195267,5.23176280996,5.520734919676617,Below Median,Below Median,Leading,Above Median
Semiconductors,Governance,US2545431015,6.493144512,8.178764343,7.840622425,7.022942066,7.305855579199999,5.520734919676617,Above Median,Above Median,Above Median,Leading
Semiconductors,Governance,JP3548600000,4.936318874,4.56997633,7.439785004,7.667894363,5.88628061288,5.520734919676617,Leading,Above Median,Leading,Above Median
Semiconductors,Governance,CNE100001RT7,6.175214767,3.716694832,7.086885929,6.890782356,5.91846187572,5.520734919676617,Above Median,Leading,Leading,Leading
Semiconductors,Governance,TW0003048005,3.683808327,4.568836689,7.377765179,5.563663483,5.0835416033200005,5.520734919676617,Below Median,Above Median,Leading,Below Median
Semiconductors,Governance,TW0002458007,3.253875017,2.820413113,7.377765179,5.376456738,4.47919087428,5.520734919676617,Below Median,Below Median,Leading,Below Median
Semiconductors,Governance,TW0003450003,2.909145355,4.711704731,7.377765179,5.403074741,4.81325706476,5.520734919676617,Below Median,Above Median,Leading,Below Median
Semiconductors,Governance,TW0003006003,3.321537971,5.756680012,7.377765179,4.711979866,5.10193729396,5.520734919676617,Below Median,Above Median,Leading,Below Median
Semiconductors,Governance,DE0005677108,5.871645927,1.651247859,4.211305141,9.343770981,5.01580861068,5.520734919676617,Above Median,Below Median,Below Median,Above Median
Semiconductors,Governance,TW0003529004,2.248294353,5.536536217,7.377765179,5.503339291,4.78935258868,5.520734919676617,Below Median,Above Median,Leading,Below Median
Semiconductors,Governance,TW0003714002,1.87317729,4.665890694,7.377765179,4.931850433,4.3539173032,5.520734919676617,Below Median,Above Median,Leading,Below Median
Semiconductors,Governance,US29362U1043,5.956316471,8.103774071,6.160542488,7.80084753,6.815845508519999,5.520734919676617,Above Median,Above Median,Below Median,Above Median
Semiconductors,Governance,KR7039030002,4.486291409,1.182424307,6.819554329,4.711979866,4.2894565584399995,5.520734919676617,Below Median,Below Median,Leading,Below Median
Semiconductors,Governance,TW0003016002,4.19873476,3.937444687,7.377765179,4.874510765,5.00711660384,5.520734919676617,Below Median,Leading,Leading,Below Median
Semiconductors,Governance,TW0005351001,3.867263556,4.502040386,7.377765179,5.048946857,5.051199712880001,5.520734919676617,Below Median,Above Median,Leading,Below Median
Semiconductors,Governance,KR7084370006,4.520440102,2.516863108,6.031414032,4.360191345,4.37657556552,5.520734919676617,Leading,Below Median,Below Median,Below Median
Semiconductors,Governance,TW0002393006,2.180824041,3.976653099,7.377765179,4.874493599,4.2900760173200005,5.520734919676617,Below Median,Leading,Leading,Below Median
Semiconductors,Governance,TW0006288004,5.310762882,3.416316986,7.377765179,5.67496109,5.41044813152,5.520734919676617,Leading,Below Median,Leading,Below Median
Semiconductors,Governance,TW0003035002,4.33204031,5.336858273,7.377765179,5.731493473,5.52808309576,5.520734919676617,Below Median,Above Median,Leading,Below Median
Semiconductors,Governance,TW0004961008,3.755818605,4.444242001,7.377765179,5.035065651,4.994986925159999,5.520734919676617,Below Median,Leading,Leading,Below Median
Semiconductors,Governance,TW0003545000,4.212171555,4.402745724,7.377765179,4.711979866,5.09762115508,5.520734919676617,Below Median,Leading,Leading,Below Median
Semiconductors,Governance,US3463751087,6.704764843,7.926494598,5.304029465,7.40374136,6.7736397362,5.520734919676617,Above Median,Above Median,Below Median,Leading
Semiconductors,Governance,TW0008131004,3.22501111,4.58712101,7.377765179,7.352422714,5.2089643192,5.520734919676617,Below Median,Above Median,Leading,Leading
Semiconductors,Governance,TW0003532008,3.395088673,4.158430576,7.377765179,9.347579956,5.48653169644,5.520734919676617,Below Median,Leading,Leading,Above Median
Semiconductors,Governance,TW0003413001,4.988838196,4.456234932,7.377765179,4.901921749,5.42044925704,5.520734919676617,Leading,Leading,Leading,Below Median
Semiconductors,Governance,CNE100004PM0,5.046252728,0.918787718,1.497060299,7.380708218,3.5773678210399993,5.520734919676617,Leading,Below Median,Below Median,Leading
Semiconductors,Governance,KYG3790U1040,4.0060606,4.445026398,1.497060299,5.487314224,3.74625289912,5.520734919676617,Below Median,Leading,Below Median,Below Median
Semiconductors,Governance,TW0004952007,3.631998301,4.540073395,7.377765179,7.344575405,5.3429327109199996,5.520734919676617,Below Median,Above Median,Leading,Leading
Semiconductors,Governance,CNE1000030S9,4.861394882,1.516816139,7.086885929,5.148823738,4.63880245192,5.520734919676617,Leading,Below Median,Leading,Below Median
Semiconductors,Governance,TW0008081001,4.611389637,4.205142975,7.377765179,7.60482645,5.6567704582800005,5.520734919676617,Leading,Leading,Leading,Above Median
Semiconductors,Governance,TW0003443008,3.439260244,3.701273203,7.377765179,4.711979866,4.65101967808,5.520734919676617,Below Median,Leading,Leading,Below Median
Semiconductors,Governance,TW0006488000,1.915437341,5.221255779,7.377765179,4.976269722,4.5095256282,5.520734919676617,Below Median,Above Median,Leading,Below Median
Semiconductors,Governance,KYG393871085,7.010377407,1.644173861,3.93565917,9.998361588,5.46263364804,5.520734919676617,Above Median,Below Median,Below Median,Above Median
Semiconductors,Governance,TW0003188009,3.809431076,4.926035404,7.377765179,8.420649529,5.67161125192,5.520734919676617,Below Median,Above Median,Leading,Above Median
Semiconductors,Governance,TW0002441003,3.290427685,3.939755917,7.377765179,4.668444633,4.64771017092,5.520734919676617,Below Median,Leading,Leading,Below Median
Semiconductors,Governance,CNE000000YF5,6.291220188,1.808445692,7.086885929,6.648539543,5.4634851836,5.520734919676617,Above Median,Below Median,Leading,Leading
Semiconductors,Governance,US36241U1060,5.59297514,8.288076401,4.11836195,8.156728745,6.29609285384,5.520734919676617,Above Median,Above Median,Below Median,Above Median
Semiconductors,Governance,JP3771800004,3.912547112,0.915747344,8.295225143,5.392564774,4.48196072104,5.520734919676617,Below Median,Below Median,Above Median,Below Median
Semiconductors,Governance,CNE100002Q09,4.50677681,3.008222103,7.086885929,6.628994465,5.105904693679999,5.520734919676617,Leading,Below Median,Leading,Leading
Semiconductors,Governance,CNE100004314,4.967879772,2.408685923,7.086885929,8.890613556,5.489872131359999,5.520734919676617,Leading,Below Median,Leading,Above Median
Semiconductors,Governance,CNE000001DN1,3.903152704,3.225749731,7.086885929,8.114209175,5.178440999839999,5.520734919676617,Below Median,Below Median,Leading,Above Median
Semiconductors,Governance,KR7042700005,4.955373764,1.86258626,6.819554329,4.450716496,4.57976293576,5.520734919676617,Leading,Below Median,Leading,Below Median
Semiconductors,Governance,TW0006168008,2.370967388,4.327161312,7.377765179,8.615644455,5.04123373032,5.520734919676617,Below Median,Leading,Leading,Above Median
Semiconductors,Governance,DE000HAG0005,7.299106121,3.917199135,5.314490795,6.899708271,5.94723711012,5.520734919676617,Above Median,Leading,Below Median,Leading
Semiconductors,Governance,TW0006202005,2.262022734,4.214550972,7.377765179,7.068948746,4.7275158598400004,5.520734919676617,Below Median,Leading,Leading,Leading
Semiconductors,Governance,CNE100002V10,7.064050674,2.462151051,7.086885929,7.699706554,6.066780166479999,5.520734919676617,Above Median,Below Median,Leading,Above Median
Semiconductors,Governance,HK0000218211,5.680839539,4.034340858,6.998867035,6.920675278,5.80038017284,5.520734919676617,Above Median,Leading,Leading,Leading
Semiconductors,Governance,TW0002486008,1.745818615,4.474014282,7.377765179,5.2239604,4.30875543604,5.520734919676617,Below Median,Leading,Leading,Below Median
Semiconductors,Governance,TW0008040007,3.780406237,4.597373486,7.377765179,4.886873245,5.01687924412,5.520734919676617,Below Median,Above Median,Leading,Below Median
Semiconductors,Governance,US4532041096,6.046117306,5.666458607,2.293688774,8.03142643,5.3720658303999995,5.520734919676617,Above Median,Above Median,Below Median,Above Median
Semiconductors,Governance,MYQ0166OO007,3.442311525,3.789331198,4.137077808,5.588563442,4.03574046116,5.520734919676617,Below Median,Leading,Below Median,Below Median
Semiconductors,Governance,CH0011029946,4.841902733,6.120608807,6.545000076,9.869292259,6.36191787724,5.520734919676617,Leading,Above Median,Leading,Above Median
Semiconductors,Governance,DE0006231004,7.929333687,8.631077766,5.335898876,7.973953724,7.48246711724,5.520734919676617,Above Median,Above Median,Below Median,Above Median
Semiconductors,Governance,CNE100001377,3.754457951,1.867447853,7.086885929,6.545968056,4.547999859,5.520734919676617,Below Median,Below Median,Leading,Leading
Semiconductors,Governance,US4581401001,8.141231537,8.673480034,8.304321289,8.373027802,8.345200119160001,5.520734919676617,Above Median,Above Median,Above Median,Above Median
Semiconductors,Governance,US45817G2012,7.887071609,8.287778854,6.773643494,7.60335207,7.670623473959999,5.520734919676617,Above Median,Above Median,Leading,Above Median
Semiconductors,Governance,JP3152720003,6.517624378,4.526747227,6.135256767,9.097174644,6.36077367768,5.520734919676617,Above Median,Above Median,Below Median,Above Median
Semiconductors,Governance,US4611471008,6.763276577,7.937653542,6.023247719,7.590836525,6.9999297143599994,5.520734919676617,Above Median,Above Median,Below Median,Above Median
Semiconductors,Governance,US44980X1090,7.035985947,8.261407852,7.311093807,7.385967731,7.452110176039999,5.520734919676617,Above Median,Above Median,Leading,Leading
Semiconductors,Governance,GB0009619924,7.770814896,8.462148666,6.891149521,9.794610023,8.04942253112,5.520734919676617,Above Median,Above Median,Leading,Above Median
Semiconductors,Governance,TW0003014007,3.445426941,5.872982502,7.377765179,4.711979866,5.17444992076,5.520734919676617,Below Median,Above Median,Leading,Below Median
Semiconductors,Governance,JP3735300000,5.131430149,1.389721274,7.656382561,8.540257454,5.3848209666799995,5.520734919676617,Leading,Below Median,Above Median,Above Median
Semiconductors,Governance,JP3389680004,3.641138554,1.058785677,6.958048344,6.24023819,4.23328815488,5.520734919676617,Below Median,Below Median,Leading,Below Median
Semiconductors,Governance,CNE000001F05,5.439426899,2.300801039,7.086885929,7.842972279,5.4661141205999995,5.520734919676617,Leading,Below Median,Leading,Above Median
Semiconductors,Governance,CNE000000N97,6.056663513,4.081504822,7.086885929,6.711019516,5.93457576748,5.520734919676617,Above Median,Leading,Leading,Leading
Semiconductors,Governance,TW0005285001,3.870100498,4.238115311,7.377765179,6.076016903,5.15321020136,5.520734919676617,Below Median,Leading,Leading,Below Median
Semiconductors,Governance,CNE0000017L3,4.188957214,3.561977148,7.086885929,7.516361713,5.2663696096,5.520734919676617,Below Median,Leading,Leading,Above Median
Semiconductors,Governance,TW0006552003,1.557900667,5.350325584,7.377765179,6.072738171,4.587224130599999,5.520734919676617,Below Median,Above Median,Leading,Below Median
Semiconductors,Governance,TW0002375003,4.443088055,3.506323099,7.377765179,6.299387932,5.21959495564,5.520734919676617,Below Median,Leading,Leading,Below Median
Semiconductors,Governance,JP3281610000,4.764895916,1.479499936,8.630631447,8.381439209,5.48282433512,5.520734919676617,Leading,Below Median,Above Median,Above Median
Semiconductors,Governance,TW0002449006,2.729517937,4.294520378,7.377765179,5.090251446,4.59841522236,5.520734919676617,Below Median,Leading,Leading,Below Median
Semiconductors,Governance,US4824801009,6.01815176,7.950666428,5.549138546,7.539007187,6.61272897728,5.520734919676617,Above Median,Above Median,Below Median,Above Median
Semiconductors,Governance,US5012421013,7.259188175,7.201082706,2.236988783,9.86190033,6.45634895316,5.520734919676617,Above Median,Above Median,Below Median,Above Median
Semiconductors,Governance,US5128071082,7.14204073,8.203969002,7.227688789,8.262495995,7.59673189184,5.520734919676617,Above Median,Above Median,Leading,Above Median
Semiconductors,Governance,JP3979200007,4.111082554,5.196584225,8.613087654,7.91899395,6.061350002399999,5.520734919676617,Below Median,Above Median,Above Median,Above Median
Semiconductors,Governance,TW0003346003,3.971387148,3.691801071,7.377765179,5.863621235,5.02457467088,5.520734919676617,Below Median,Leading,Leading,Below Median
Semiconductors,Governance,US5184151042,8.229972839,7.870435715,6.981795311,9.090489388,7.98180397036,5.520734919676617,Above Median,Above Median,Leading,Above Median
Semiconductors,Governance,TW0003588000,4.013268471,3.414375782,7.377765179,6.337872505,5.048950080999999,5.520734919676617,Below Median,Below Median,Leading,Below Median
Semiconductors,Governance,KR7058470006,3.917450666,2.222629786,6.031414032,4.711979866,4.14516953464,5.520734919676617,Below Median,Below Median,Below Median,Below Median
Semiconductors,Governance,TW0002472008,1.770692587,3.7831707,7.377765179,5.060761929,4.12579585092,5.520734919676617,Below Median,Leading,Leading,Below Median
Semiconductors,Governance,TW0002369006,3.642522097,2.677876472,7.377765179,4.711979866,4.47857872972,5.520734919676617,Below Median,Below Median,Leading,Below Median
Semiconductors,Governance,TW0004979000,4.29851675,5.570417881,7.377765179,5.670464039,5.56230421064,5.520734919676617,Below Median,Above Median,Leading,Below Median
Semiconductors,Governance,US55405Y1001,6.067031384,8.94879055,2.799093962,9.516703606,6.526296158079999,5.520734919676617,Above Median,Above Median,Below Median,Above Median
Semiconductors,Governance,TW0002337003,3.192447186,3.410241842,7.377765179,7.403008461,4.922884025759999,5.520734919676617,Below Median,Below Median,Leading,Leading
Semiconductors,Governance,US55933J2033,7.17929697,5.276633263,5.429447174,8.002663612,6.434432392000001,5.520734919676617,Above Median,Above Median,Below Median,Above Median
Semiconductors,Governance,MYL3867OO008,4.688182354,0.0,6.008704185,7.42789793,4.31829832064,5.520734919676617,Leading,Below Median,Below Median,Leading
Semiconductors,Governance,US5738741041,7.332582951,7.764184475,8.617541313,8.986498833,8.00918386476,5.520734919676617,Above Median,Above Median,Above Median,Above Median
Semiconductors,Governance,US57776J1007,6.199958324,7.012776852,2.998954773,8.036414146,5.92062685,5.520734919676617,Above Median,Above Median,Below Median,Above Median
Semiconductors,Governance,CNE100003QK4,4.365886211,1.834329128,7.086885929,6.511370182,4.754629878759999,5.520734919676617,Below Median,Below Median,Leading,Leading
Semiconductors,Governance,TW0003527008,3.8584342,2.387139082,7.377765179,5.299312115,4.58050327304,5.520734919676617,Below Median,Below Median,Leading,Below Median
Semiconductors,Governance,TW0002454006,2.533200741,5.959681988,7.377765179,7.344575405,5.288071651639999,5.520734919676617,Below Median,Above Median,Leading,Leading
Semiconductors,Governance,JP3920860008,4.928579807,0.487461329,8.311263084,7.604475021,5.1026985929999995,5.520734919676617,Leading,Below Median,Above Median,Above Median
Semiconductors,Governance,BE0165385973,6.900494576,4.871797562,3.456292868,9.425147057,5.99094327968,5.520734919676617,Above Median,Above Median,Below Median,Above Median
Semiconductors,Governance,US5950171042,4.474205017,6.953838348,7.711088657,8.030935287,6.4152459332400005,5.520734919676617,Below Median,Above Median,Above Median,Above Median
Semiconductors,Governance,US5951121038,6.89286232,8.54301548,8.925329208,7.66515398,7.900257797119999,5.520734919676617,Above Median,Above Median,Above Median,Above Median
Semiconductors,Governance,JP3750400008,3.943488598,4.277614117,5.346305847,6.376670361,4.7496639444,5.520734919676617,Below Median,Leading,Below Median,Below Median
Semiconductors,Governance,JP3910570005,3.891479015,1.058785677,6.717086792,8.540257454,4.6335830306,5.520734919676617,Below Median,Below Median,Leading,Above Median
Semiconductors,Governance,TW0002464005,3.36763978,2.144268513,7.377765179,8.875258446,4.91767975824,5.520734919676617,Below Median,Below Median,Leading,Above Median
Semiconductors,Governance,US55306N1046,7.435292721,8.161396027,5.12552309,8.640318871,7.248016987,5.520734919676617,Above Median,Above Median,Below Median,Above Median
Semiconductors,Governance,CNE100001X19,5.359401226,2.039624214,7.086885929,6.343062878,5.13463693616,5.520734919676617,Leading,Below Median,Leading,Below Median
Semiconductors,Governance,US6098391054,4.647277832,8.57815361,2.630221128,9.765215874,5.925464496479999,5.520734919676617,Leading,Above Median,Below Median,Above Median
Semiconductors,Governance,CNE100003MN7,5.037945271,2.353819847,7.086885929,6.332988262,5.09270780572,5.520734919676617,Leading,Below Median,Leading,Below Median
Semiconductors,Governance,TW0002434008,5.721497536,5.054931641,7.377765179,9.247656822,6.52321144128,5.520734919676617,Above Median,Above Median,Leading,Above Median
Semiconductors,Governance,DE0006627201,5.423312187,0.0,2.825868607,1.779090762,2.9152553749199996,5.520734919676617,Leading,Below Median,Below Median,Below Median
Semiconductors,Governance,SE0000375115,4.116374969,5.043516159,7.776041508,7.986010551,5.83635051708,5.520734919676617,Below Median,Above Median,Above Median,Above Median
Semiconductors,Governance,US63010N1054,5.904531002,4.215326786,3.817639112,4.950931072,4.845691947760001,5.520734919676617,Above Median,Leading,Below Median,Below Median
Semiconductors,Governance,TW0002408002,1.926422954,4.548780441,7.377765179,4.91008091,4.34149615784,5.520734919676617,Below Median,Above Median,Leading,Below Median
Semiconductors,Governance,CNE1000040F5,3.454553127,0.860442162,7.086885929,7.710172653,4.38462549204,5.520734919676617,Below Median,Below Median,Leading,Above Median
Semiconductors,Governance,CNE100000ML7,6.593750954,2.106507301,7.086885929,6.872891903,5.67982742312,5.520734919676617,Above Median,Below Median,Leading,Leading
Semiconductors,Governance,US64118P1093,2.746396303,4.434185982,5.452825546,3.259651899,3.8831297396399993,5.520734919676617,Below Median,Leading,Below Median,Below Median
Semiconductors,Governance,TW0003317004,5.145999432,4.551656246,7.377765179,4.429844379,5.424396038159999,5.520734919676617,Leading,Above Median,Leading,Below Median
Semiconductors,Governance,JP3686200001,4.087846756,1.479499936,8.701729774,8.333181381,5.24842898352,5.520734919676617,Below Median,Below Median,Above Median,Above Median
Semiconductors,Governance,JP3725200004,4.611509323,1.615766287,8.451798439,9.09901619,5.5322014809199995,5.520734919676617,Leading,Below Median,Above Median,Above Median
Semiconductors,Governance,JP3701200002,4.653063297,1.479499936,8.325980186,6.115869045,5.0069570634,5.520734919676617,Leading,Below Median,Above Median,Below Median
Semiconductors,Governance,NO0003055501,6.206789494,6.268834114,8.078954697,6.863039494,6.77599985152,5.520734919676617,Above Median,Above Median,Above Median,Leading
Semiconductors,Governance,IL0010845571,5.811403751,3.998095751,5.887056828,6.01386261,5.42675998692,5.520734919676617,Above Median,Leading,Below Median,Below Median
Semiconductors,Governance,TW0003034005,3.007118464,6.18000412,7.377765179,7.288063526,5.5025174429599994,5.520734919676617,Below Median,Above Median,Leading,Leading
Semiconductors,Governance,TW0004919006,3.956789017,5.107945919,7.377765179,4.711979866,5.1749314881999995,5.520734919676617,Below Median,Above Median,Leading,Below Median
Semiconductors,Governance,US6294452064,5.096735954,5.49283886,7.605031967,9.242403984,6.45709857936,5.520734919676617,Leading,Above Median,Above Median,Above Median
Semiconductors,Governance,US67066G1040,6.076479435,7.267106056,5.436080933,8.989580154,6.6746302986,5.520734919676617,Above Median,Above Median,Below Median,Above Median
Semiconductors,Governance,NL0009538784,6.423002243,5.811209202,8.037510872,9.78768158,7.2020026780399995,5.520734919676617,Above Median,Above Median,Above Median,Above Median
Semiconductors,Governance,JP3193600008,4.153081417,1.137167692,7.531448841,6.949660778,4.68752300252,5.520734919676617,Below Median,Below Median,Above Median,Leading
Semiconductors,Governance,US6821891057,7.952963352,8.331456184,6.685896873,8.186343193,7.77704645128,5.520734919676617,Above Median,Above Median,Leading,Above Median
Semiconductors,Governance,US6833441057,8.826623917,7.432631969,6.71499157,6.506207466,7.614007454039999,5.520734919676617,Above Median,Above Median,Leading,Leading
Semiconductors,Governance,TW0002329000,4.429471016,4.721245289,7.377765179,6.076016903,5.47053478256,5.520734919676617,Below Median,Above Median,Leading,Below Median
Semiconductors,Governance,JP3200400004,4.095824718,1.479499936,6.634373665,8.44726944,4.77338967312,5.520734919676617,Below Median,Below Median,Leading,Above Median
Semiconductors,Governance,DE000LED4000,8.433088303,6.11924839,6.714672565,4.862022877,6.8939764786,5.520734919676617,Above Median,Above Median,Leading,Below Median
Semiconductors,Governance,US68989M2026,8.600521088,5.882062435,3.679002285,7.353001118,6.56732330336,5.520734919676617,Above Median,Above Median,Below Median,Leading
Semiconductors,Governance,TW0002481009,2.909115791,3.93271184,7.377765179,6.38559103,4.78349073412,5.520734919676617,Below Median,Leading,Leading,Below Median
Semiconductors,Governance,US7013543001,3.638560057,4.195865154,4.093305588,9.152147293,4.76362616548,5.520734919676617,Below Median,Leading,Below Median,Above Median
Semiconductors,Governance,US71360T2006,4.839624882,6.775566578,7.740549564,9.506192207,6.747123584720001,5.520734919676617,Leading,Above Median,Above Median,Above Median
Semiconductors,Governance,TW0008299009,5.027324677,4.563676834,7.377765179,5.115252972,5.49422344236,5.520734919676617,Leading,Above Median,Leading,Below Median
Semiconductors,Governance,US7194051022,4.921963692,7.436108112,5.798997879,8.958981514,6.3817694092,5.520734919676617,Leading,Above Median,Below Median,Above Median
Semiconductors,Governance,CNE100005998,4.32936573,1.991517186,7.086885929,5.904654503,4.6821331308800005,5.520734919676617,Below Median,Below Median,Leading,Below Median
Semiconductors,Governance,US72581M3051,7.655163288,7.622875214,7.619413376,9.681349754,7.9630240059199995,5.520734919676617,Above Median,Above Median,Above Median,Above Median
Semiconductors,Governance,US7392761034,7.305706501,6.412240982,7.161719799,7.216078281,7.042377452759999,5.520734919676617,Above Median,Above Median,Leading,Leading
Semiconductors,Governance,TW0006770001,2.707901716,3.753750324,7.377765179,4.711535454,4.4002540111199995,5.520734919676617,Below Median,Leading,Leading,Below Median
Semiconductors,Governance,TW0006239007,2.265331507,5.532805443,7.377765179,5.730646133,4.83095967308,5.520734919676617,Below Median,Above Median,Leading,Below Median
Semiconductors,Governance,TW0006173008,1.421546936,5.608453751,7.377765179,7.646747112,4.85192897808,5.520734919676617,Below Median,Above Median,Leading,Above Median
Semiconductors,Governance,DE0007461006,2.923056841,4.335281372,2.825868607,9.872830391,4.3506293202799995,5.520734919676617,Below Median,Leading,Below Median,Above Median
Semiconductors,Governance,US74736K1016,7.052165508,8.630877495,6.173102379,9.389249802,7.594014720960001,5.520734919676617,Above Median,Above Median,Below Median,Above Median
Semiconductors,Governance,US7475251036,8.196920395,8.389502525,6.731843948,8.46115303,7.933798980520001,5.520734919676617,Above Median,Above Median,Leading,Above Median
Semiconductors,Governance,US74837P4054,8.079004288,7.975070953,3.605656624,9.124876022,7.147796325680001,5.520734919676617,Above Median,Above Median,Below Median,Above Median
Semiconductors,Governance,US7509171069,8.614618301,7.600743294,4.81116581,7.17626524,7.22832321172,5.520734919676617,Above Median,Above Median,Below Median,Leading
Semiconductors,Governance,TW0002379005,3.711970091,5.616639614,7.377765179,5.432551384,5.32417460452,5.520734919676617,Below Median,Above Median,Leading,Below Median
Semiconductors,Governance,TW0002302007,5.806079865,4.176846027,7.377765179,4.77536869,5.62735443124,5.520734919676617,Above Median,Leading,Leading,Below Median
Semiconductors,Governance,JP3164720009,6.4020648,6.093285084,8.688983917,5.953472137,6.80504343016,5.520734919676617,Above Median,Above Median,Above Median,Below Median
Semiconductors,Governance,US7631651079,5.228745937,7.492761612,6.031735897,9.529676437,6.6529761694000005,5.520734919676617,Leading,Above Median,Below Median,Above Median
Semiconductors,Governance,TW0004968003,3.561513662,4.349946976,7.377765179,4.711979866,4.85071261408,5.520734919676617,Below Median,Leading,Leading,Below Median
Semiconductors,Governance,TW0008104001,4.152501106,4.860410213,7.377765179,5.227000237,5.26838253016,5.520734919676617,Below Median,Above Median,Leading,Below Median
Semiconductors,Governance,ES0105225009,2.854409933,0.0,2.825868607,2.921414137,2.17322230348,5.520734919676617,Below Median,Below Median,Below Median,Below Median
Semiconductors,Governance,CNE100003RK2,3.591123819,2.409079075,7.086885929,6.603574276,4.62840805996,5.520734919676617,Below Median,Below Median,Leading,Leading
Semiconductors,Governance,JP3982800009,5.299814701,2.065806389,8.492310524,6.324762821,5.45384340284,5.520734919676617,Leading,Below Median,Above Median,Below Median
Semiconductors,Governance,JP3982200002,2.80593729,1.479499936,7.585049152,10.0,4.785629205519999,5.520734919676617,Below Median,Below Median,Above Median,Above Median
Semiconductors,Governance,JP3976200000,5.429115295,1.710332036,7.785510063,6.362543106,5.25149050692,5.520734919676617,Leading,Below Median,Above Median,Below Median
Semiconductors,Governance,JP3975410006,4.75979805,1.306876898,6.463263512,7.11734581,4.717136326,5.520734919676617,Leading,Below Median,Below Median,Leading
Semiconductors,Governance,JP3322950001,4.221971989,0.0,7.924595356,8.285874367,4.7475527002,5.520734919676617,Below Median,Below Median,Above Median,Above Median
Semiconductors,Governance,CNE000000KB3,5.558159351,1.937522769,7.086885929,6.595106602,5.2220125102,5.520734919676617,Above Median,Below Median,Leading,Leading
Semiconductors,Governance,JP3329600005,4.285207748,1.389721274,7.322679043,6.021307468,4.59706006024,5.520734919676617,Below Median,Below Median,Leading,Below Median
Semiconductors,Governance,DE0005156236,7.357872009,5.396078587,5.400197983,5.477126122,6.116280479559999,5.520734919676617,Above Median,Above Median,Below Median,Below Median
Semiconductors,Governance,TW0003583001,4.13405323,5.833302498,7.377765179,5.512046337,5.5408428192,5.520734919676617,Below Median,Above Median,Leading,Below Median
Semiconductors,Governance,JP3494600004,5.636549473,0.913322151,7.565834522,6.803095341,5.15265066636,5.520734919676617,Above Median,Below Median,Above Median,Leading
Semiconductors,Governance,TW0002351004,3.558292389,5.650188446,7.377765179,9.203302383,5.8802225113199995,5.520734919676617,Below Median,Above Median,Leading,Above Median
Semiconductors,Governance,JP3418400002,3.21841383,0.0,8.332413673,8.513485909,4.52056600576,5.520734919676617,Below Median,Below Median,Above Median,Above Median
Semiconductors,Governance,US8168501018,6.183218479,6.914035797,7.136451721,8.346577644,6.9335280798,5.520734919676617,Above Median,Above Median,Leading,Above Median
Semiconductors,Governance,CH0406705126,7.751081467,5.501150608,7.180038452,9.207480431,7.30707157148,5.520734919676617,Above Median,Above Median,Leading,Above Median
Semiconductors,Governance,KR7046890000,4.68432188,1.55066359,6.819554329,7.820845127,4.946543397679999,5.520734919676617,Leading,Below Median,Leading,Above Median
Semiconductors,Governance,US8173232070,5.59709549,1.483041644,7.070119381,5.934064865,5.0171634007999995,5.520734919676617,Above Median,Below Median,Leading,Below Median
Semiconductors,Governance,CNE100002NT4,5.778944016,3.275568724,7.086885929,6.574111462,5.6192667964,5.520734919676617,Above Median,Below Median,Leading,Leading
Semiconductors,Governance,CNE000000XB6,6.063327789,1.842874169,7.086885929,7.706961632,5.55905428868,5.520734919676617,Above Median,Below Median,Leading,Above Median
Semiconductors,Governance,CNE100000510,3.817524433,3.990748167,6.538619518,6.88657093,5.00320838908,5.520734919676617,Below Median,Leading,Leading,Leading
Semiconductors,Governance,CNE100002G84,5.246370316,2.00358963,7.086885929,5.949932098,5.0223965836,5.520734919676617,Leading,Below Median,Leading,Below Median
Semiconductors,Governance,CNE100000Q50,4.19465065,3.30453825,7.086885929,6.326351166,5.01623222352,5.520734919676617,Below Median,Below Median,Leading,Below Median
Semiconductors,Governance,JP3355000005,4.747726917,1.058785677,8.667038918,8.058129311,5.332680282679999,5.520734919676617,Leading,Below Median,Above Median,Above Median
Semiconductors,Governance,JP3371600002,4.239904881,1.248124599,6.208276272,6.790813923,4.40243219388,5.520734919676617,Below Median,Below Median,Below Median,Leading
Semiconductors,Governance,JP3375800004,5.019789219,1.389721274,6.326601982,7.9455266,4.930325956279999,5.520734919676617,Leading,Below Median,Below Median,Above Median
Semiconductors,Governance,KYG811801045,3.288032293,4.623547554,3.021925211,6.031466484,3.98363972652,5.520734919676617,Below Median,Above Median,Below Median,Below Median
Semiconductors,Governance,TW0006257009,1.777517796,3.413921118,7.377765179,5.020876408,4.03325134312,5.520734919676617,Below Median,Below Median,Leading,Below Median
Semiconductors,Governance,TW0002363009,4.403346062,5.029711246,7.377765179,8.877361298,5.983376732,5.520734919676617,Below Median,Above Median,Leading,Above Median
Semiconductors,Governance,US8269191024,6.807528496,6.600561619,4.574670792,7.567817688,6.34361686728,5.520734919676617,Above Median,Above Median,Below Median,Above Median
Semiconductors,Governance,US82706C1080,2.353240728,0.511527717,1.599972844,5.107580185,2.17113962632,5.520734919676617,Below Median,Below Median,Below Median,Below Median
Semiconductors,Governance,TW0003530002,4.828930855,3.518948317,7.377765179,6.066902161,5.324330692599999,5.520734919676617,Leading,Leading,Leading,Below Median
Semiconductors,Governance,TW0003288007,3.256470442,3.922559261,7.377765179,4.098619461,4.54018633848,5.520734919676617,Below Median,Leading,Leading,Below Median
Semiconductors,Governance,DE000WAF3001,5.927364349,6.499598503,3.234488487,7.890214443,5.73246635412,5.520734919676617,Above Median,Above Median,Below Median,Above Median
Semiconductors,Governance,TW0005483002,2.393656731,4.437848091,7.377765179,8.002734184,4.977901077399999,5.520734919676617,Below Median,Leading,Leading,Above Median
Semiconductors,Governance,US82982T1060,6.50841713,6.419460773,2.216368675,8.046636581,5.70309108728,5.520734919676617,Above Median,Above Median,Below Median,Above Median
Semiconductors,Governance,TW0008016007,2.61682272,4.370472908,7.377765179,6.104043484,4.7382802775199995,5.520734919676617,Below Median,Leading,Leading,Below Median
Semiconductors,Governance,KR7000660001,6.614479542,5.553338051,6.031414032,9.087201118,6.61550531392,5.520734919676617,Above Median,Above Median,Below Median,Above Median
Semiconductors,Governance,JP3162640001,4.131831646,0.0,7.872950554,8.302124977,4.70530752184,5.520734919676617,Below Median,Below Median,Above Median,Above Median
Semiconductors,Governance,US83089J1088,7.433025837,5.66830492,4.633449554,7.999173164,6.42817808132,5.520734919676617,Above Median,Above Median,Below Median,Above Median
Semiconductors,Governance,US83088M1027,7.291395187,8.095428467,7.799136639,8.428920746,7.78822521212,5.520734919676617,Above Median,Above Median,Above Median,Above Median
Semiconductors,Governance,KYG8232Y1017,5.665257931,7.347778797,6.26233387,7.892330647,6.56869279876,5.520734919676617,Above Median,Above Median,Below Median,Above Median
Semiconductors,Governance,KYG8020E1199,4.191408634,4.44950676,6.325791359,6.308021069,5.104262027840001,5.520734919676617,Below Median,Leading,Below Median,Below Median
Semiconductors,Governance,DE0005178008,3.976500273,3.21029067,5.853610516,4.666730404,4.35355324756,5.520734919676617,Below Median,Below Median,Below Median,Below Median
Semiconductors,Governance,FR0013227113,7.096957207,7.360575199,5.279968739,8.441158295,6.93922046684,5.520734919676617,Above Median,Above Median,Below Median,Above Median
Semiconductors,Governance,TW0005471007,3.468636751,4.185887337,7.377765179,7.036655426,5.149850702359999,5.520734919676617,Below Median,Leading,Leading,Leading
Semiconductors,Governance,TW0003055000,4.804390907,4.07055521,7.377765179,8.218910217,5.7922032546,5.520734919676617,Leading,Leading,Leading,Above Median
Semiconductors,Governance,CNE100003RN6,6.48141098,2.409227371,7.086885929,6.670624256,5.67967502576,5.520734919676617,Above Median,Below Median,Leading,Leading
Semiconductors,Governance,NL0000226223,8.731535912,8.606377602,6.951442719,9.939390182,8.46753223448,5.520734919676617,Above Median,Above Median,Leading,Above Median
Semiconductors,Governance,DE000A1K0235,5.07520771,5.630255699,4.975777626,6.665110588,5.43894046768,5.520734919676617,Leading,Above Median,Below Median,Leading
Semiconductors,Governance,JP3322930003,4.126113892,1.491514564,8.358309746,6.098931789,4.8251879217599996,5.520734919676617,Below Median,Below Median,Above Median,Below Median
Semiconductors,Governance,TW0002401007,1.400210381,4.200233936,7.377765179,4.975912571,4.07894153612,5.520734919676617,Below Median,Leading,Leading,Below Median
Semiconductors,Governance,CNE000001P60,6.802948952,1.890407801,7.086885929,6.803907871,5.69223737728,5.520734919676617,Above Median,Below Median,Leading,Leading
Semiconductors,Governance,US87157D1090,7.564992905,6.2029562,4.755739212,7.599382401,6.569385528839999,5.520734919676617,Above Median,Above Median,Below Median,Above Median
Semiconductors,Governance,TW0001582005,3.635502815,4.313032627,7.377765179,8.983933449,5.552001838680001,5.520734919676617,Below Median,Leading,Leading,Above Median
Semiconductors,Governance,TW0002338001,6.362034321,3.395721436,7.377765179,5.816345215,5.80658437756,5.520734919676617,Above Median,Below Median,Leading,Below Median
Semiconductors,Governance,TW0006278005,3.404492378,3.256721258,7.377765179,5.260240555,4.61953248976,5.520734919676617,Below Median,Below Median,Leading,Below Median
Semiconductors,Governance,TW0002340007,4.385212898,4.099582672,7.377765179,8.795419693,5.7405072784,5.520734919676617,Below Median,Leading,Leading,Above Median
Semiconductors,Governance,JP3468000009,4.466310978,1.389721274,7.064694881,9.451547623,5.14917944896,5.520734919676617,Below Median,Below Median,Leading,Above Median
Semiconductors,Governance,TW0004967005,5.43938446,3.690763712,7.377765179,6.131461143,5.59565912232,5.520734919676617,Leading,Leading,Leading,Below Median
Semiconductors,Governance,IT0005482333,5.259052753,0.0,4.180418968,6.197906017,3.8882245061199994,5.520734919676617,Leading,Below Median,Below Median,Below Median
Semiconductors,Governance,US8807701029,7.076762199,7.487939358,6.96054697,8.054038048,7.30391719804,5.520734919676617,Above Median,Above Median,Leading,Above Median
Semiconductors,Governance,TW0003030003,2.852797747,4.015063286,7.377765179,4.711979866,4.51520279908,5.520734919676617,Below Median,Leading,Leading,Below Median
Semiconductors,Governance,US8825081040,5.848330498,8.308431625,6.941679955,7.876118183,7.02560466776,5.520734919676617,Above Median,Above Median,Leading,Above Median
Semiconductors,Governance,CNE100000825,4.013979912,1.892756581,7.086885929,8.44989109,4.95212954512,5.520734919676617,Below Median,Below Median,Leading,Above Median
Semiconductors,Governance,KR7064760002,4.110768318,2.73472333,8.078954697,2.956762552,4.548241329279999,5.520734919676617,Below Median,Below Median,Above Median,Below Median
Semiconductors,Governance,JP3571400005,5.743582249,7.928238869,8.320411682,6.738593578,7.04554071436,5.520734919676617,Above Median,Above Median,Above Median,Leading
Semiconductors,Governance,JP3571800006,4.989202976,6.063272476,8.458025932,3.785429239,5.88689336752,5.520734919676617,Leading,Above Median,Above Median,Below Median
Semiconductors,Governance,JP3580200008,4.772032261,5.69043541,8.577957153,6.605948448,6.19929758076,5.520734919676617,Leading,Above Median,Above Median,Leading
Semiconductors,Governance,TW0006271000,4.555770397,4.34539175,7.377765179,4.947210789,5.24518873212,5.520734919676617,Leading,Leading,Leading,Below Median
Semiconductors,Governance,CNE1000006C3,4.212011337,1.811547399,7.086885929,7.199680805,4.80389700884,5.520734919676617,Below Median,Below Median,Leading,Leading
Semiconductors,Governance,TW0008021007,4.061518669,5.208379269,7.377765179,4.711979866,5.2367381669199995,5.520734919676617,Below Median,Above Median,Leading,Below Median
Semiconductors,Governance,JP3637280003,3.768714666,1.306876898,7.584302425,9.745752335,5.04994069088,5.520734919676617,Below Median,Below Median,Above Median,Above Median
Semiconductors,Governance,JP3555700008,4.365000248,1.389721274,7.228696346,8.214061737,4.954070196,5.520734919676617,Below Median,Below Median,Leading,Above Median
Semiconductors,Governance,IL0010823792,6.102335453,5.719724655,5.887056828,5.684072971,5.891919994359999,5.520734919676617,Above Median,Above Median,Below Median,Below Median
Semiconductors,Governance,TW0002451002,1.986445546,4.631322861,7.377765179,7.376308918,4.77751095304,5.520734919676617,Below Median,Above Median,Leading,Leading
Semiconductors,Governance,TW0002330008,5.198253632,3.551636457,7.377765179,6.726985931,5.57074544912,5.520734919676617,Leading,Leading,Leading,Leading
Semiconductors,Governance,TW0002426004,3.936283588,4.743591785,7.377765179,9.281467438,5.81122255312,5.520734919676617,Below Median,Above Median,Leading,Above Median
Semiconductors,Governance,CH0033361673,7.800460815,7.944377899,8.152901649,6.708756447,7.744914016439999,5.520734919676617,Above Median,Above Median,Above Median,Leading
Semiconductors,Governance,US90385V1070,7.431107998,7.958157063,7.437485695,8.13490963,7.671738682,5.520734919676617,Above Median,Above Median,Leading,Above Median
Semiconductors,Governance,JP3126190002,5.531461716,4.845276833,8.36037159,5.753617287,6.0812606052,5.520734919676617,Above Median,Above Median,Above Median,Below Median
Semiconductors,Governance,TW0002303005,4.562403679,5.063096046,7.377765179,7.100773335,5.7643957520399995,5.520734919676617,Leading,Above Median,Leading,Leading
Semiconductors,Governance,TW0008277005,2.949565887,5.201887608,7.377765179,5.25261116,4.921378173799999,5.520734919676617,Below Median,Above Median,Leading,Below Median
Semiconductors,Governance,CNE000001M14,5.769363403,1.863389134,7.086885929,6.330690861,5.23794737796,5.520734919676617,Above Median,Below Median,Leading,Below Median
Semiconductors,Governance,KR7077500007,5.319739819,1.584114909,6.031414032,9.00584507,5.1837684918799996,5.520734919676617,Leading,Below Median,Below Median,Above Median
Semiconductors,Governance,MYL5005OO003,6.146883965,2.554622173,5.226978779,5.810821056,5.010193824839999,5.520734919676617,Above Median,Below Median,Below Median,Below Median
Semiconductors,Governance,US91347P1057,6.845209599,8.236561775,5.457397938,7.058632374,6.8802069666,5.520734919676617,Above Median,Above Median,Below Median,Leading
Semiconductors,Governance,JP3829900004,3.983590126,4.265861988,7.00714922,8.245598793,5.458910942159999,5.520734919676617,Below Median,Leading,Leading,Above Median
Semiconductors,Governance,TW0005347009,3.347296715,5.863140583,7.377765179,5.432651997,5.2520685198,5.520734919676617,Below Median,Above Median,Leading,Below Median
Semiconductors,Governance,US9224171002,7.565407753,9.111704826,4.878010273,8.144603729,7.384215011479999,5.520734919676617,Above Median,Above Median,Below Median,Above Median
Semiconductors,Governance,CNE100004413,4.871520519,0.918787718,7.086885929,7.603302956,4.89163753508,5.520734919676617,Leading,Below Median,Leading,Above Median
Semiconductors,Governance,TW0002388006,2.385189056,2.748977184,7.377765179,4.992245674,4.0878455351200005,5.520734919676617,Below Median,Below Median,Leading,Below Median
Semiconductors,Governance,TW0006789001,5.016191483,4.171729088,6.230885983,4.005019188,4.943259620999999,5.520734919676617,Leading,Leading,Below Median,Below Median
Semiconductors,Governance,US9282981086,4.10665226,6.879751205,2.941821098,7.189538002,4.98589824664,5.520734919676617,Below Median,Above Median,Below Median,Leading
Semiconductors,Governance,US92835K1034,4.808851242,8.013392448,3.346483946,8.048399925,5.74530076968,5.520734919676617,Leading,Above Median,Below Median,Above Median
Semiconductors,Governance,TW0002455003,5.052521706,3.310414553,7.377765179,7.295918465,5.55141790424,5.520734919676617,Leading,Below Median,Leading,Leading
Semiconductors,Governance,TW0006182009,3.135364532,4.593211174,7.377765179,8.896816254,5.42525615688,5.520734919676617,Below Median,Above Median,Leading,Above Median
Semiconductors,Governance,TW0008110008,2.364555359,5.279471397,7.377765179,5.832226276,4.822132911640001,5.520734919676617,Below Median,Above Median,Leading,Below Median
Semiconductors,Governance,TW0002436003,2.074794769,5.490108013,7.377765179,4.491569042,4.55386672964,5.520734919676617,Below Median,Above Median,Leading,Below Median
Semiconductors,Governance,CNE100002XM8,4.502428532,3.280062675,7.086885929,8.026248932,5.3931417656,5.520734919676617,Leading,Below Median,Leading,Above Median
Semiconductors,Governance,TW0003105003,1.884564996,2.328377962,7.377765179,5.514423847,3.89022556792,5.520734919676617,Below Median,Below Median,Leading,Below Median
Semiconductors,Governance,TW0002344009,1.776982069,5.640529633,7.377765179,4.711490631,4.517942800679999,5.520734919676617,Below Median,Above Median,Leading,Below Median
Semiconductors,Governance,JP3154370005,4.511940002,1.479499936,8.180258751,8.540257454,5.30908167824,5.520734919676617,Leading,Below Median,Above Median,Above Median
Semiconductors,Governance,US9778521024,8.058296204,7.592736244,6.124360085,9.526661873,7.717355652079998,5.520734919676617,Above Median,Above Median,Below Median,Above Median
Semiconductors,Governance,KR7030530000,0.0,0.0,0.0,0.0,0.0,5.520734919676617,Below Median,Below Median,Below Median,Below Median
Semiconductors,Governance,KR7240810002,2.930634737,2.053795576,6.031414032,10.0,4.59547881124,5.520734919676617,Below Median,Below Median,Below Median,Above Median
Semiconductors,Governance,BE0974310428,6.567393303,5.443152428,3.594886303,5.740170479,5.45181816116,5.520734919676617,Above Median,Above Median,Below Median,Below Median
Semiconductors,Governance,JP3990600003,3.71964407,0.66059953,7.55000782,8.540054321,4.67602632056,5.520734919676617,Below Median,Below Median,Above Median,Above Median
Semiconductors,Governance,CNE100001R90,5.091899395,1.839074254,7.086885929,6.53214407,5.02045727732,5.520734919676617,Leading,Below Median,Leading,Leading
Semiconductors,Governance,CNE100001DJ8,5.956768513,1.835730553,7.086885929,5.965545177,5.24035184868,5.520734919676617,Above Median,Below Median,Leading,Below Median
Semiconductors,Governance,US29355A1079,6.368159294,7.543226719,2.754028559,9.261717796,6.2457534599199995,5.520734919676617,Above Median,Above Median,Below Median,Above Median
Semiconductors,Governance,US3364331070,5.701046944,8.351377487,5.700782776,7.742596626,6.663710823119999,5.520734919676617,Above Median,Above Median,Below Median,Above Median
Automobiles,Governance,US88160R1014,8.262096405,6.502458572,2.906592369,8.210347176,6.5461824798,4.425073304042352,Above Median,Above Median,Below Median,Above Median
Automobiles,Governance,CNE100000296,2.728885889,3.813215017,6.538619518,8.320951462,4.79819144236,4.425073304042352,Below Median,Leading,Above Median,Above Median
Automobiles,Governance,US50202M1027,4.263456345,1.388385534,1.321326494,9.981657028,3.7822402954000003,4.425073304042352,Below Median,Below Median,Below Median,Above Median
Automobiles,Governance,US62914V1061,3.847492695,1.182482839,0.341539115,6.049973965,2.71885847356,4.425073304042352,Below Median,Below Median,Below Median,Below Median
Automobiles,Governance,US3453708600,5.742781162,7.271743774,4.370272636,8.69475174,6.252645435120001,4.425073304042352,Above Median,Above Median,Leading,Above Median
Automobiles,Governance,US98422D1054,4.995496273,2.85467124,4.194726944,9.020819664,4.93356536868,4.425073304042352,Leading,Below Median,Leading,Above Median
Automobiles,Governance,US7311052010,5.810065269,5.740226269,4.746037006,7.432669163,5.7975537489199995,4.425073304042352,Above Median,Above Median,Above Median,Leading
Automobiles,Governance,CNE100005K77,4.839369297,5.058335304,6.538619518,8.576703072,5.89771459572,4.425073304042352,Leading,Above Median,Above Median,Above Median
Automobiles,Governance,CNE100001TJ4,5.497396946,2.53912878,5.765145779,6.659701347,5.037641010240001,4.425073304042352,Leading,Below Median,Above Median,Leading
Automobiles,Governance,US5494981039,6.729149342,7.081707954,7.038114548,9.020246506,7.25449060456,4.425073304042352,Above Median,Above Median,Above Median,Above Median
Automobiles,Governance,TH3545010003,3.333906174,1.389721274,5.441784859,7.352422714,4.0161553288,4.425073304042352,Below Median,Below Median,Above Median,Leading
Automobiles,Governance,INE260D01016,5.934809685,4.009415627,4.338648319,7.224478245,5.2959833528399995,4.425073304042352,Above Median,Leading,Leading,Leading
Automobiles,Governance,US0395872098,6.407085896,5.233431339,8.052547455,9.220806122,6.97051481264,4.425073304042352,Above Median,Above Median,Above Median,Above Median
Automobiles,Governance,US54405Q2093,6.624015808,7.700900078,2.452065229,6.894699097,5.92450922008,4.425073304042352,Above Median,Above Median,Below Median,Leading
Automobiles,Governance,US3073597037,0.0,0.0,0.0,0.0,0.0,4.425073304042352,Below Median,Below Median,Below Median,Below Median
Automobiles,Governance,CA35954F1080,0.0,0.0,0.0,0.0,0.0,4.425073304042352,Below Median,Below Median,Below Median,Below Median
Automobiles,Governance,SGXZ55111462,0.0,0.0,0.0,0.0,0.0,4.425073304042352,Below Median,Below Median,Below Median,Below Median
