Industry,type,ISIN,Access & Affordability,Community Rights & Relations,Customer Welfare,Data Security & Customer Privacy,Ethics & Compliance,Labor & Employment Practices,Marketing & Labeling,Occupational Health & Safety Management,Operational Risk Management,Product Quality Management,Social Supply Chain Management,SOCIAL SCORE,Mean Social
Semiconductors,Social,CNE100004ZD8,,0.0,,,0.0,0.0,,1.08,,0.0,,1.08,3.101456684647021
Semiconductors,Social,US00108J1097,,0.0,,,0.0,0.0,,1.08,,0.0,,1.08,3.101456684647021
Semiconductors,Social,US0079031078,,0.3,,,1.51040302286,0.9838320160000001,,3.0852218627999997,,0.0,,5.879456901659999,3.101456684647021
Semiconductors,Social,TW0003438008,,0.3,,,0.20852381592000002,0.0,,1.08,,0.78,,2.36852381592,3.101456684647021
Semiconductors,Social,CNE100003MM9,,0.3,,,1.9,0.8578784942400001,,1.08,,0.0,,4.13787849424,3.101456684647021
Semiconductors,Social,TW0003437000,,0.0,,,0.20852381592000002,0.0,,1.08,,0.0,,1.28852381592,3.101456684647021
Semiconductors,Social,TW0008261009,,0.0,,,0.20852381592000002,0.0,,3.5999999999999996,,0.0,,3.8085238159199997,3.101456684647021
Semiconductors,Social,JP3122400009,,0.3,,,1.9,0.75350669856,,1.08,,0.78,,4.81350669856,3.101456684647021
Semiconductors,Social,DE000A0WMPJ6,,0.3,,,1.51040302286,0.6009737014400001,,1.08,,0.0,,3.4913767243000002,3.101456684647021
Semiconductors,Social,KYG022421088,,0.0,,,1.9,0.32962280272,,1.08,,0.78,,4.08962280272,3.101456684647021
Semiconductors,Social,TW0003041000,,0.0,,,0.20852381592000002,0.0,,1.08,,0.0,,1.28852381592,3.101456684647021
Semiconductors,Social,CNE100001ZN3,,0.0,,,0.0,0.0,,0.0,,0.0,,0.0,3.101456684647021
Semiconductors,Social,US01749D1054,,0.3,,,0.5700000000000001,0.0,,1.08,,0.0,,1.9500000000000002,3.101456684647021
Semiconductors,Social,BMG6331P1041,,0.0,,,0.20852381592000002,0.0,,1.08,,0.0,,1.28852381592,3.101456684647021
Semiconductors,Social,GB00BNDRMJ14,,0.3,,,0.20852381592000002,0.81691337584,,1.08,,0.0,,2.40543719176,3.101456684647021
Semiconductors,Social,KYG037AX1015,,0.3,,,0.5700000000000001,0.71313583376,,1.08,,0.0,,2.66313583376,3.101456684647021
Semiconductors,Social,US0316521006,,0.3,,,1.51040302286,0.0,,3.5999999999999996,,1.6954360485400002,,7.1058390714,3.101456684647021
Semiconductors,Social,CNE100003LZ3,,0.0,,,0.20852381592000002,0.0,,1.08,,0.0,,1.28852381592,3.101456684647021
Semiconductors,Social,TW0002493004,,0.0,,,0.0,0.0,,1.08,,0.0,,1.08,3.101456684647021
Semiconductors,Social,AT0000A18XM4,,0.3,,,1.51040302286,0.25278829568,,3.5999999999999996,,0.78,,6.443191318539999,3.101456684647021
Semiconductors,Social,US0323325045,,0.0,,,0.5700000000000001,0.92611686704,,1.08,,0.0,,2.57611686704,3.101456684647021
Semiconductors,Social,US0326541051,,0.3,,,0.5700000000000001,0.49626449584,,1.08,,0.0,,2.4462644958400004,3.101456684647021
Semiconductors,Social,TW0006291008,,0.0,,,0.20852381592000002,0.0,,3.5999999999999996,,0.78,,4.5885238159199995,3.101456684647021
Semiconductors,Social,TW0006533003,,0.0,,,0.0,0.0,,1.08,,0.0,,1.08,3.101456684647021
Semiconductors,Social,TW0006138001,,0.0,,,0.20852381592000002,0.0,,3.5999999999999996,,0.78,,4.5885238159199995,3.101456684647021
Semiconductors,Social,JP3105280006,,0.3,,,0.0,0.0,,0.0,,0.78,,1.08,3.101456684647021
Semiconductors,Social,TW0006531007,,0.0,,,0.20852381592000002,0.0,,1.08,,0.0,,1.28852381592,3.101456684647021
Semiconductors,Social,TW0008271008,,0.3,,,0.5700000000000001,0.25278829568,,1.08,,0.78,,2.9827882956800007,3.101456684647021
Semiconductors,Social,TW0006449002,,0.0,,,0.0,0.0,,1.08,,0.78,,1.86,3.101456684647021
Semiconductors,Social,US0382221051,,0.3,,,0.5700000000000001,0.41627597808,,2.6612501907599997,,0.78,,4.72752616884,3.101456684647021
Semiconductors,Social,TW0003264008,,0.3,,,1.51040302286,0.11757793424000001,,3.5999999999999996,,2.39607831944,,7.9240592765399995,3.101456684647021
Semiconductors,Social,NO0010946593,,0.0,,,0.0,0.0,,0.0,,0.0,,0.0,3.101456684647021
Semiconductors,Social,US04302A1043,,0.0,,,0.5700000000000001,0.0,,0.0,,0.0,,0.5700000000000001,3.101456684647021
Semiconductors,Social,TW0003711008,,0.3,,,1.51040302286,0.82005775456,,2.2706932640399997,,0.78,,5.68115404146,3.101456684647021
Semiconductors,Social,TW0003169009,,0.0,,,0.0,0.0,,1.08,,0.0,,1.08,3.101456684647021
Semiconductors,Social,NL0000334118,,0.3,,,1.51040302286,0.9960021209600001,,1.08,,0.0,,3.8864051438200002,3.101456684647021
Semiconductors,Social,TW0005269005,,0.3,,,1.9,1.3208441161600002,,1.08,,0.78,,5.3808441161600005,3.101456684647021
Semiconductors,Social,NL0010273215,,0.3,,,1.51040302286,1.33234085088,,1.8628519248,,0.78,,5.78559579854,3.101456684647021
Semiconductors,Social,KYG0535Q1331,,0.0,,,0.5700000000000001,0.25278829568,,1.08,,0.0,,1.9027882956800002,3.101456684647021
Semiconductors,Social,TW0005274005,,0.3,,,1.9,0.36024562832,,3.5999999999999996,,0.0,,6.160245628319999,3.101456684647021
Semiconductors,Social,US04965B1008,,0.0,,,0.5700000000000001,0.0,,0.0,,0.0,,0.5700000000000001,3.101456684647021
Semiconductors,Social,KR7017900002,,0.3,,,0.5700000000000001,0.0,,2.7685241316,,0.0,,3.6385241316,3.101456684647021
Semiconductors,Social,US0545402085,,0.3,,,0.5700000000000001,0.7237731171199999,,1.08,,0.0,,2.67377311712,3.101456684647021
Semiconductors,Social,JP3108080007,,0.0,,,0.20852381592000002,0.0,,1.08,,0.0,,1.28852381592,3.101456684647021
Semiconductors,Social,US00246W1036,,0.0,,,0.20852381592000002,0.0,,0.0,,0.0,,0.20852381592000002,3.101456684647021
Semiconductors,Social,NL0012866412,,0.3,,,1.78594121932,0.81691337584,,3.5999999999999996,,0.78,,7.28285459516,3.101456684647021
Semiconductors,Social,TW0003031001,,0.0,,,0.20852381592000002,0.0,,1.08,,0.78,,2.06852381592,3.101456684647021
Semiconductors,Social,US11135F1012,,0.3,,,0.5700000000000001,0.97644897456,,1.08,,0.0,,2.9264489745600004,3.101456684647021
Semiconductors,Social,CNE100001XM0,,0.0,,,0.0,0.0,,1.08,,0.0,,1.08,3.101456684647021
Semiconductors,Social,DE000A1TNMM9,,0.0,,,0.5700000000000001,0.0,,0.0,,0.0,,0.5700000000000001,3.101456684647021
Semiconductors,Social,US1572101053,,0.0,,,0.5700000000000001,0.0,,1.08,,0.0,,1.6500000000000001,3.101456684647021
Semiconductors,Social,TW0003257002,,0.3,,,1.78594121932,0.0,,1.08,,0.78,,3.94594121932,3.101456684647021
Semiconductors,Social,TW0008070004,,0.0,,,0.20852381592000002,0.0,,3.5999999999999996,,0.78,,4.5885238159199995,3.101456684647021
Semiconductors,Social,TW0006548001,,0.3,,,1.51040302286,0.28464149472,,2.7685241316,,0.78,,5.64356864918,3.101456684647021
Semiconductors,Social,TW0001597003,,0.0,,,0.20852381592000002,0.0,,3.5999999999999996,,0.0,,3.8085238159199997,3.101456684647021
Semiconductors,Social,CNE100003S06,,0.3,,,0.5700000000000001,0.0,,1.08,,0.0,,1.9500000000000002,3.101456684647021
Semiconductors,Social,TW0008084005,,0.0,,,0.0,0.0,,3.5999999999999996,,0.0,,3.5999999999999996,3.101456684647021
Semiconductors,Social,TW0006147002,,0.3,,,1.51040302286,0.23743120192,,2.5529570960399997,,0.78,,5.380791320819999,3.101456684647021
Semiconductors,Social,TW0008150004,,0.3,,,1.9,0.41251949312,,3.5999999999999996,,0.78,,6.99251949312,3.101456684647021
Semiconductors,Social,US1727551004,,0.3,,,1.51040302286,0.6664469147200001,,3.5999999999999996,,0.78,,6.85684993758,3.101456684647021
Semiconductors,Social,GB0001602944,,0.0,,,0.20852381592000002,0.73690170288,,1.08,,0.0,,2.0254255188,3.101456684647021
Semiconductors,Social,US19247G1076,,0.3,,,0.5700000000000001,0.437025528,,1.08,,0.0,,2.387025528,3.101456684647021
Semiconductors,Social,US1925761066,,0.3,,,1.78594121932,0.0,,3.5999999999999996,,0.0,,5.68594121932,3.101456684647021
Semiconductors,Social,KYG234201138,,0.0,,,0.69892590524,0.14458568576,,1.08,,0.0,,1.923511591,3.101456684647021
Semiconductors,Social,TW0002466000,,0.0,,,0.20852381592000002,0.0,,1.08,,0.0,,1.28852381592,3.101456684647021
Semiconductors,Social,MYL7204OO000,,0.0,,,1.9,0.02917410608,,3.5999999999999996,,0.78,,6.3091741060799995,3.101456684647021
Semiconductors,Social,JP3487600003,,0.3,,,0.20852381592000002,0.0,,1.08,,0.0,,1.5885238159200001,3.101456684647021
Semiconductors,Social,CNE000000X87,,0.0,,,0.5700000000000001,0.77366638176,,1.08,,0.0,,2.4236663817600004,3.101456684647021
Semiconductors,Social,TW0003094009,,0.3,,,0.69892590524,1.07572395328,,3.5999999999999996,,0.0,,5.67464985852,3.101456684647021
Semiconductors,Social,KR7000990002,,0.3,,,0.5700000000000001,0.0,,1.08,,0.0,,1.9500000000000002,3.101456684647021
Semiconductors,Social,US2545431015,,0.3,,,1.9,0.0,,1.08,,0.0,,3.28,3.101456684647021
Semiconductors,Social,JP3548600000,,0.3,,,0.5700000000000001,0.0,,1.08,,0.78,,2.7300000000000004,3.101456684647021
Semiconductors,Social,CNE100001RT7,,0.0,,,0.20852381592000002,0.0,,1.08,,0.0,,1.28852381592,3.101456684647021
Semiconductors,Social,TW0003048005,,0.0,,,0.5700000000000001,0.0,,1.08,,0.0,,1.6500000000000001,3.101456684647021
Semiconductors,Social,TW0002458007,,0.3,,,1.78594121932,0.32421817776,,1.08,,0.78,,4.2701593970800005,3.101456684647021
Semiconductors,Social,TW0003450003,,0.3,,,0.20852381592000002,0.0,,2.5529570960399997,,0.78,,3.8414809119599997,3.101456684647021
Semiconductors,Social,TW0003006003,,0.3,,,1.78594121932,0.0,,3.5999999999999996,,0.78,,6.46594121932,3.101456684647021
Semiconductors,Social,DE0005677108,,0.0,,,0.5700000000000001,0.0,,1.08,,0.0,,1.6500000000000001,3.101456684647021
Semiconductors,Social,TW0003529004,,0.0,,,1.78594121932,0.79947128288,,3.5999999999999996,,0.0,,6.1854125022,3.101456684647021
Semiconductors,Social,TW0003714002,,0.3,,,1.9,3.28e-06,,2.7685241316,,0.78,,5.7485274116000005,3.101456684647021
Semiconductors,Social,US29362U1043,,0.3,,,1.51040302286,0.0,,2.2706932640399997,,0.0,,4.081096286899999,3.101456684647021
Semiconductors,Social,KR7039030002,,0.0,,,0.20852381592000002,0.0,,1.08,,0.0,,1.28852381592,3.101456684647021
Semiconductors,Social,TW0003016002,,0.3,,,0.5700000000000001,0.0,,3.5999999999999996,,0.78,,5.25,3.101456684647021
Semiconductors,Social,TW0005351001,,0.3,,,0.5700000000000001,0.0,,1.08,,0.78,,2.7300000000000004,3.101456684647021
Semiconductors,Social,KR7084370006,,0.3,,,0.5700000000000001,0.0,,1.08,,0.0,,1.9500000000000002,3.101456684647021
Semiconductors,Social,TW0002393006,,0.3,,,1.9,0.0,,1.08,,0.78,,4.06,3.101456684647021
Semiconductors,Social,TW0006288004,,0.3,,,1.78594121932,0.0,,1.08,,0.78,,3.94594121932,3.101456684647021
Semiconductors,Social,TW0003035002,,0.3,,,1.9,0.4870407104,,3.5999999999999996,,0.78,,7.0670407104,3.101456684647021
Semiconductors,Social,TW0004961008,,0.3,,,1.51040302286,0.35824153904,,3.5999999999999996,,0.78,,6.5486445619,3.101456684647021
Semiconductors,Social,TW0003545000,,0.0,,,0.20852381592000002,0.0,,3.5999999999999996,,0.78,,4.5885238159199995,3.101456684647021
Semiconductors,Social,US3463751087,,0.0,,,0.20852381592000002,0.0,,1.08,,0.0,,1.28852381592,3.101456684647021
Semiconductors,Social,TW0008131004,,0.3,,,1.9,0.60980415344,,3.5999999999999996,,2.6,,9.00980415344,3.101456684647021
Semiconductors,Social,TW0003532008,,0.0,,,1.9,1.08989151008,,3.5999999999999996,,2.6,,9.189891510079999,3.101456684647021
Semiconductors,Social,TW0003413001,,0.3,,,1.78594121932,0.88400299072,,3.5999999999999996,,0.0,,6.569944210039999,3.101456684647021
Semiconductors,Social,CNE100004PM0,,0.3,,,0.20852381592000002,0.0,,1.08,,0.78,,2.36852381592,3.101456684647021
Semiconductors,Social,KYG3790U1040,,0.0,,,0.0,0.0,,1.08,,0.0,,1.08,3.101456684647021
Semiconductors,Social,TW0004952007,,0.0,,,1.51040302286,1.05815246576,,1.08,,0.0,,3.6485554886200005,3.101456684647021
Semiconductors,Social,CNE1000030S9,,0.3,,,0.5700000000000001,0.0,,1.08,,0.78,,2.7300000000000004,3.101456684647021
Semiconductors,Social,TW0008081001,,0.0,,,0.5700000000000001,0.0,,1.08,,0.0,,1.6500000000000001,3.101456684647021
Semiconductors,Social,TW0003443008,,0.0,,,1.78594121932,0.42376228336,,1.08,,0.0,,3.28970350268,3.101456684647021
Semiconductors,Social,TW0006488000,,0.3,,,1.51040302286,0.43045555120000006,,2.6612501907599997,,0.78,,5.68210876482,3.101456684647021
Semiconductors,Social,KYG393871085,,0.3,,,1.51040302286,0.0,,3.5999999999999996,,0.0,,5.41040302286,3.101456684647021
Semiconductors,Social,TW0003188009,,0.0,,,0.20852381592000002,0.0,,3.5999999999999996,,0.0,,3.8085238159199997,3.101456684647021
Semiconductors,Social,TW0002441003,,0.3,,,1.9,0.2904862976,,2.6612501907599997,,0.78,,5.9317364883599994,3.101456684647021
Semiconductors,Social,CNE000000YF5,,0.0,,,0.20852381592000002,0.0,,1.08,,0.0,,1.28852381592,3.101456684647021
Semiconductors,Social,US36241U1060,,0.0,,,0.5700000000000001,0.0,,1.08,,0.0,,1.6500000000000001,3.101456684647021
Semiconductors,Social,JP3771800004,,0.3,,,1.9,0.0,,1.08,,0.78,,4.06,3.101456684647021
Semiconductors,Social,CNE100002Q09,,0.0,,,0.0,0.0,,1.08,,0.0,,1.08,3.101456684647021
Semiconductors,Social,CNE100004314,,0.0,,,1.78594121932,0.37252735136,,1.08,,0.0,,3.23846857068,3.101456684647021
Semiconductors,Social,CNE000001DN1,,0.3,,,0.5700000000000001,0.0,,1.08,,0.78,,2.7300000000000004,3.101456684647021
Semiconductors,Social,KR7042700005,,0.0,,,0.0,0.0,,1.08,,0.0,,1.08,3.101456684647021
Semiconductors,Social,TW0006168008,,0.3,,,0.69892590524,1.1133951568,,1.08,,0.78,,3.97232106204,3.101456684647021
Semiconductors,Social,DE000HAG0005,,0.0,,,0.5700000000000001,1.27376220704,,1.08,,0.0,,2.9237622070400002,3.101456684647021
Semiconductors,Social,TW0006202005,,0.3,,,0.5700000000000001,0.0,,1.08,,0.78,,2.7300000000000004,3.101456684647021
Semiconductors,Social,CNE100002V10,,0.0,,,0.0,0.0,,1.08,,0.0,,1.08,3.101456684647021
Semiconductors,Social,HK0000218211,,0.3,,,0.5700000000000001,0.0,,1.08,,0.0,,1.9500000000000002,3.101456684647021
Semiconductors,Social,TW0002486008,,0.0,,,0.0,0.0,,2.7685241316,,0.0,,2.7685241316,3.101456684647021
Semiconductors,Social,TW0008040007,,0.0,,,0.20852381592000002,0.0,,1.08,,0.0,,1.28852381592,3.101456684647021
Semiconductors,Social,US4532041096,,0.0,,,0.5700000000000001,0.0,,0.0,,0.0,,0.5700000000000001,3.101456684647021
Semiconductors,Social,MYQ0166OO007,,0.3,,,1.9,0.11875671391999999,,3.5999999999999996,,0.0,,5.918756713919999,3.101456684647021
Semiconductors,Social,CH0011029946,,0.0,,,1.51040302286,0.61361267088,,1.08,,0.0,,3.20401569374,3.101456684647021
Semiconductors,Social,DE0006231004,,0.3,,,0.5700000000000001,0.8308445739200001,,1.08,,0.78,,3.5608445739200008,3.101456684647021
Semiconductors,Social,CNE100001377,,0.0,,,0.0,0.0,,0.0,,0.0,,0.0,3.101456684647021
Semiconductors,Social,US4581401001,,0.3,,,0.5700000000000001,0.71313583376,,2.2706932640399997,,0.78,,4.6338290978,3.101456684647021
Semiconductors,Social,US45817G2012,,0.0,,,0.20852381592000002,0.0,,0.0,,0.0,,0.20852381592000002,3.101456684647021
Semiconductors,Social,JP3152720003,,0.0,,,0.20852381592000002,0.0,,1.08,,0.78,,2.06852381592,3.101456684647021
Semiconductors,Social,US4611471008,,0.3,,,0.5700000000000001,0.0,,1.08,,0.0,,1.9500000000000002,3.101456684647021
Semiconductors,Social,US44980X1090,,0.3,,,1.9,0.0,,3.5999999999999996,,0.0,,5.799999999999999,3.101456684647021
Semiconductors,Social,GB0009619924,,0.0,,,0.20852381592000002,0.0,,1.08,,0.0,,1.28852381592,3.101456684647021
Semiconductors,Social,TW0003014007,,0.3,,,1.9,1.0022350312000001,,3.5999999999999996,,0.0,,6.8022350311999995,3.101456684647021
Semiconductors,Social,JP3735300000,,0.0,,,0.0,0.0,,0.0,,0.0,,0.0,3.101456684647021
Semiconductors,Social,JP3389680004,,0.0,,,0.0,0.0,,1.08,,0.0,,1.08,3.101456684647021
Semiconductors,Social,CNE000001F05,,0.3,,,1.9,1.1123426056,,1.08,,0.78,,5.1723426056,3.101456684647021
Semiconductors,Social,CNE000000N97,,0.0,,,0.0,0.0,,0.0,,0.0,,0.0,3.101456684647021
Semiconductors,Social,TW0005285001,,0.3,,,0.20852381592000002,0.0,,1.08,,0.0,,1.5885238159200001,3.101456684647021
Semiconductors,Social,CNE0000017L3,,0.0,,,0.0,0.0,,1.08,,0.0,,1.08,3.101456684647021
Semiconductors,Social,TW0006552003,,0.0,,,0.5700000000000001,0.0,,1.08,,0.0,,1.6500000000000001,3.101456684647021
Semiconductors,Social,TW0002375003,,0.0,,,0.5700000000000001,0.0,,3.5999999999999996,,0.0,,4.17,3.101456684647021
Semiconductors,Social,JP3281610000,,0.0,,,0.0,0.0,,1.08,,0.0,,1.08,3.101456684647021
Semiconductors,Social,TW0002449006,,0.3,,,0.5700000000000001,0.01401426912,,1.08,,0.78,,2.74401426912,3.101456684647021
Semiconductors,Social,US4824801009,,0.3,,,0.5700000000000001,0.77258102416,,1.08,,0.0,,2.72258102416,3.101456684647021
Semiconductors,Social,US5012421013,,0.3,,,0.5700000000000001,0.0,,3.5999999999999996,,0.0,,4.47,3.101456684647021
Semiconductors,Social,US5128071082,,0.3,,,1.51040302286,0.59471504208,,3.5999999999999996,,0.0,,6.00511806494,3.101456684647021
Semiconductors,Social,JP3979200007,,0.3,,,0.0,0.0,,1.08,,0.78,,2.16,3.101456684647021
Semiconductors,Social,TW0003346003,,0.0,,,0.20852381592000002,0.0,,1.08,,0.0,,1.28852381592,3.101456684647021
Semiconductors,Social,US5184151042,,0.3,,,0.5700000000000001,0.0,,1.08,,0.0,,1.9500000000000002,3.101456684647021
Semiconductors,Social,TW0003588000,,0.0,,,0.20852381592000002,0.0,,1.08,,0.0,,1.28852381592,3.101456684647021
Semiconductors,Social,KR7058470006,,0.3,,,1.51040302286,0.0,,1.08,,0.0,,2.89040302286,3.101456684647021
Semiconductors,Social,TW0002472008,,0.0,,,0.20852381592000002,0.0,,1.08,,0.78,,2.06852381592,3.101456684647021
Semiconductors,Social,TW0002369006,,0.3,,,0.20852381592000002,0.0018430523200000002,,1.08,,0.78,,2.3703668682400005,3.101456684647021
Semiconductors,Social,TW0004979000,,0.3,,,0.20852381592000002,0.10807185168,,1.08,,0.78,,2.4765956676,3.101456684647021
Semiconductors,Social,US55405Y1001,,0.3,,,0.5700000000000001,0.31049671168,,1.08,,0.0,,2.26049671168,3.101456684647021
Semiconductors,Social,TW0002337003,,0.3,,,1.78594121932,0.51173961632,,3.5999999999999996,,0.78,,6.97768083564,3.101456684647021
Semiconductors,Social,US55933J2033,,0.0,,,0.5700000000000001,0.0,,1.08,,0.0,,1.6500000000000001,3.101456684647021
Semiconductors,Social,MYL3867OO008,,0.3,,,0.69892590524,0.0,,3.5999999999999996,,0.0,,4.59892590524,3.101456684647021
Semiconductors,Social,US5738741041,,0.3,,,1.9,0.33543289184,,3.5999999999999996,,0.78,,6.915432891839999,3.101456684647021
Semiconductors,Social,US57776J1007,,0.0,,,0.5700000000000001,0.55628746032,,1.08,,0.0,,2.20628746032,3.101456684647021
Semiconductors,Social,CNE100003QK4,,0.3,,,1.9,0.4664500808,,1.08,,0.78,,4.5264500808,3.101456684647021
Semiconductors,Social,TW0003527008,,0.3,,,0.5700000000000001,0.0,,1.08,,0.0,,1.9500000000000002,3.101456684647021
Semiconductors,Social,TW0002454006,,0.3,,,1.51040302286,0.8654563904,,1.08,,0.0,,3.75585941326,3.101456684647021
Semiconductors,Social,JP3920860008,,0.3,,,0.0,0.0,,0.0,,0.0,,0.3,3.101456684647021
Semiconductors,Social,BE0165385973,,0.3,,,1.51040302286,0.29362472528,,1.08,,0.0,,3.18402774814,3.101456684647021
Semiconductors,Social,US5950171042,,0.3,,,0.20852381592000002,0.0,,3.5999999999999996,,0.0,,4.10852381592,3.101456684647021
Semiconductors,Social,US5951121038,,0.3,,,1.51040302286,0.37724388128,,3.0852218627999997,,0.78,,6.0528687669400005,3.101456684647021
Semiconductors,Social,JP3750400008,,0.0,,,0.0,0.0,,1.08,,0.78,,1.86,3.101456684647021
Semiconductors,Social,JP3910570005,,0.0,,,0.20852381592000002,0.0,,1.08,,0.0,,1.28852381592,3.101456684647021
Semiconductors,Social,TW0002464005,,0.0,,,1.78594121932,0.36105072016,,1.08,,0.78,,4.00699193948,3.101456684647021
Semiconductors,Social,US55306N1046,,0.3,,,1.9,0.0,,1.08,,0.0,,3.28,3.101456684647021
Semiconductors,Social,CNE100001X19,,0.0,,,0.0,0.0,,0.0,,0.0,,0.0,3.101456684647021
Semiconductors,Social,US6098391054,,0.3,,,0.5700000000000001,0.88597579952,,1.08,,0.0,,2.8359757995200003,3.101456684647021
Semiconductors,Social,CNE100003MN7,,0.3,,,0.20852381592000002,0.0,,1.08,,0.78,,2.36852381592,3.101456684647021
Semiconductors,Social,TW0002434008,,0.0,,,0.20852381592000002,0.0,,1.08,,0.78,,2.06852381592,3.101456684647021
Semiconductors,Social,DE0006627201,,0.0,,,0.0,0.0,,1.08,,0.0,,1.08,3.101456684647021
Semiconductors,Social,SE0000375115,,0.3,,,0.5700000000000001,0.82590950016,,1.08,,0.0,,2.77590950016,3.101456684647021
Semiconductors,Social,US63010N1054,,0.0,,,0.0,0.0,,0.0,,0.0,,0.0,3.101456684647021
Semiconductors,Social,TW0002408002,,0.3,,,1.9,1.13387954704,,3.5999999999999996,,0.78,,7.7138795470399995,3.101456684647021
Semiconductors,Social,CNE1000040F5,,0.3,,,0.5700000000000001,0.0,,1.08,,0.78,,2.7300000000000004,3.101456684647021
Semiconductors,Social,CNE100000ML7,,0.0,,,0.20852381592000002,0.0,,1.08,,0.0,,1.28852381592,3.101456684647021
Semiconductors,Social,US64118P1093,,0.3,,,0.5700000000000001,0.0,,1.08,,0.0,,1.9500000000000002,3.101456684647021
Semiconductors,Social,TW0003317004,,0.3,,,0.5700000000000001,0.0,,1.08,,0.78,,2.7300000000000004,3.101456684647021
Semiconductors,Social,JP3686200001,,0.3,,,0.5700000000000001,0.0,,1.08,,0.78,,2.7300000000000004,3.101456684647021
Semiconductors,Social,JP3725200004,,0.0,,,0.5700000000000001,0.0,,1.08,,0.0,,1.6500000000000001,3.101456684647021
Semiconductors,Social,JP3701200002,,0.3,,,0.5700000000000001,0.0,,1.08,,0.78,,2.7300000000000004,3.101456684647021
Semiconductors,Social,NO0003055501,,0.3,,,1.51040302286,0.69247581488,,1.08,,0.78,,4.36287883774,3.101456684647021
Semiconductors,Social,IL0010845571,,0.3,,,0.5700000000000001,0.0,,1.08,,0.0,,1.9500000000000002,3.101456684647021
Semiconductors,Social,TW0003034005,,0.3,,,1.78594121932,0.9075597380799999,,3.5999999999999996,,0.77037034516,,7.36387130256,3.101456684647021
Semiconductors,Social,TW0004919006,,0.3,,,1.9,0.5616542816,,3.5999999999999996,,0.78,,7.1416542816,3.101456684647021
Semiconductors,Social,US6294452064,,0.3,,,0.20852381592000002,0.0,,1.08,,0.0,,1.5885238159200001,3.101456684647021
Semiconductors,Social,US67066G1040,,0.3,,,0.5700000000000001,1.07492019648,,1.08,,1.0322714805,,4.0571916769800005,3.101456684647021
Semiconductors,Social,NL0009538784,,0.3,,,1.51040302286,1.0765794372800002,,3.5999999999999996,,0.78,,7.26698246014,3.101456684647021
Semiconductors,Social,JP3193600008,,0.3,,,0.5700000000000001,0.0,,1.08,,0.0,,1.9500000000000002,3.101456684647021
Semiconductors,Social,US6821891057,,0.3,,,1.51040302286,0.38203620911999997,,2.7685241316,,2.08594646442,,7.0469098279999995,3.101456684647021
Semiconductors,Social,US6833441057,,0.3,,,0.5700000000000001,0.0,,1.08,,0.0,,1.9500000000000002,3.101456684647021
Semiconductors,Social,TW0002329000,,0.3,,,1.78594121932,0.038683280960000004,,2.7685241316,,0.78,,5.67314863188,3.101456684647021
Semiconductors,Social,JP3200400004,,0.3,,,0.20852381592000002,0.0,,1.08,,0.0,,1.5885238159200001,3.101456684647021
Semiconductors,Social,DE000LED4000,,0.3,,,1.51040302286,0.25278829568,,3.5999999999999996,,0.0,,5.663191318539999,3.101456684647021
Semiconductors,Social,US68989M2026,,0.3,,,0.0,0.0,,1.08,,0.0,,1.3800000000000001,3.101456684647021
Semiconductors,Social,TW0002481009,,0.3,,,0.5700000000000001,0.0,,1.08,,0.78,,2.7300000000000004,3.101456684647021
Semiconductors,Social,US7013543001,,0.0,,,0.20852381592000002,0.0,,0.0,,0.0,,0.20852381592000002,3.101456684647021
Semiconductors,Social,US71360T2006,,0.0,,,0.5700000000000001,0.0,,1.08,,0.0,,1.6500000000000001,3.101456684647021
Semiconductors,Social,TW0008299009,,0.3,,,1.9,1.13148780816,,1.08,,0.78,,5.19148780816,3.101456684647021
Semiconductors,Social,US7194051022,,0.3,,,0.5700000000000001,0.0,,1.08,,0.78,,2.7300000000000004,3.101456684647021
Semiconductors,Social,CNE100005998,,0.0,,,0.20852381592000002,0.0,,1.08,,0.0,,1.28852381592,3.101456684647021
Semiconductors,Social,US72581M3051,,0.0,,,0.5700000000000001,0.0,,1.08,,0.0,,1.6500000000000001,3.101456684647021
Semiconductors,Social,US7392761034,,0.3,,,0.20852381592000002,0.0,,1.08,,0.0,,1.5885238159200001,3.101456684647021
Semiconductors,Social,TW0006770001,,0.3,,,1.9,1.17457626336,,3.5999999999999996,,0.78,,7.75457626336,3.101456684647021
Semiconductors,Social,TW0006239007,,0.3,,,1.9,0.0,,2.6612501907599997,,0.78,,5.64125019076,3.101456684647021
Semiconductors,Social,TW0006173008,,0.3,,,1.9,0.0,,2.7685241316,,0.78,,5.7485241316,3.101456684647021
Semiconductors,Social,DE0007461006,,0.3,,,0.5700000000000001,1.01184120176,,1.08,,0.78,,3.7418412017600007,3.101456684647021
Semiconductors,Social,US74736K1016,,0.3,,,0.5700000000000001,0.0,,1.08,,1.84061959276,,3.79061959276,3.101456684647021
Semiconductors,Social,US7475251036,,0.3,,,1.51040302286,1.037585144,,3.5999999999999996,,1.697031765,,8.14501993186,3.101456684647021
Semiconductors,Social,US74837P4054,,0.0,,,0.20852381592000002,0.0,,0.0,,0.0,,0.20852381592000002,3.101456684647021
Semiconductors,Social,US7509171069,,0.0,,,0.5700000000000001,0.0,,1.08,,0.0,,1.6500000000000001,3.101456684647021
Semiconductors,Social,TW0002379005,,0.3,,,1.9,0.0,,3.5999999999999996,,2.6,,8.399999999999999,3.101456684647021
Semiconductors,Social,TW0002302007,,0.0,,,0.20852381592000002,0.0,,1.08,,0.0,,1.28852381592,3.101456684647021
Semiconductors,Social,JP3164720009,,0.3,,,0.5700000000000001,0.7750595092800001,,1.08,,0.78,,3.5050595092800005,3.101456684647021
Semiconductors,Social,US7631651079,,0.0,,,0.5700000000000001,0.0,,1.08,,0.0,,1.6500000000000001,3.101456684647021
Semiconductors,Social,TW0004968003,,0.3,,,1.9,0.07725029952,,3.5999999999999996,,0.78,,6.65725029952,3.101456684647021
Semiconductors,Social,TW0008104001,,0.3,,,0.20852381592000002,0.0,,3.5999999999999996,,0.78,,4.88852381592,3.101456684647021
Semiconductors,Social,ES0105225009,,0.0,,,0.0,0.0,,0.0,,0.0,,0.0,3.101456684647021
Semiconductors,Social,CNE100003RK2,,0.0,,,0.0,0.0,,0.0,,0.0,,0.0,3.101456684647021
Semiconductors,Social,JP3982800009,,0.3,,,1.9,0.6992476654399999,,1.08,,0.78,,4.75924766544,3.101456684647021
Semiconductors,Social,JP3982200002,,0.0,,,0.0,0.0,,0.0,,0.0,,0.0,3.101456684647021
Semiconductors,Social,JP3976200000,,0.0,,,0.0,0.0,,1.08,,0.0,,1.08,3.101456684647021
Semiconductors,Social,JP3975410006,,0.0,,,0.20852381592000002,0.91952903744,,1.08,,0.0,,2.20805285336,3.101456684647021
Semiconductors,Social,JP3322950001,,0.0,,,0.0,0.0,,0.0,,0.0,,0.0,3.101456684647021
Semiconductors,Social,CNE000000KB3,,0.0,,,0.0,0.0,,1.08,,0.0,,1.08,3.101456684647021
Semiconductors,Social,JP3329600005,,0.3,,,0.5700000000000001,0.0,,1.08,,0.78,,2.7300000000000004,3.101456684647021
Semiconductors,Social,DE0005156236,,0.3,,,0.69892590524,0.0,,1.08,,0.0,,2.07892590524,3.101456684647021
Semiconductors,Social,TW0003583001,,0.3,,,1.9,0.27630601888,,1.08,,0.0,,3.55630601888,3.101456684647021
Semiconductors,Social,JP3494600004,,0.3,,,1.51040302286,0.0,,1.08,,0.78,,3.6704030228600004,3.101456684647021
Semiconductors,Social,TW0002351004,,0.3,,,1.51040302286,0.0,,2.3327618979599998,,0.78,,4.923164920820001,3.101456684647021
Semiconductors,Social,JP3418400002,,0.3,,,0.20852381592000002,0.0,,1.08,,0.78,,2.36852381592,3.101456684647021
Semiconductors,Social,US8168501018,,0.0,,,0.5700000000000001,0.0,,1.08,,0.0,,1.6500000000000001,3.101456684647021
Semiconductors,Social,CH0406705126,,0.0,,,1.78594121932,0.0,,1.08,,0.0,,2.86594121932,3.101456684647021
Semiconductors,Social,KR7046890000,,0.3,,,0.5700000000000001,0.0,,1.08,,0.0,,1.9500000000000002,3.101456684647021
Semiconductors,Social,US8173232070,,0.0,,,0.0,0.0,,0.0,,0.0,,0.0,3.101456684647021
Semiconductors,Social,CNE100002NT4,,0.3,,,0.5700000000000001,0.0,,1.08,,0.78,,2.7300000000000004,3.101456684647021
Semiconductors,Social,CNE000000XB6,,0.0,,,0.5700000000000001,0.73708801264,,1.08,,0.0,,2.38708801264,3.101456684647021
Semiconductors,Social,CNE100000510,,0.0,,,1.51040302286,0.81412399296,,1.08,,0.0,,3.4045270158200003,3.101456684647021
Semiconductors,Social,CNE100002G84,,0.0,,,0.0,0.0,,0.0,,0.0,,0.0,3.101456684647021
Semiconductors,Social,CNE100000Q50,,0.0,,,0.0,0.0,,0.0,,0.0,,0.0,3.101456684647021
Semiconductors,Social,JP3355000005,,0.3,,,0.20852381592000002,0.0,,1.08,,0.0,,1.5885238159200001,3.101456684647021
Semiconductors,Social,JP3371600002,,0.3,,,0.5700000000000001,0.0,,1.08,,0.78,,2.7300000000000004,3.101456684647021
Semiconductors,Social,JP3375800004,,0.3,,,1.9,0.0,,1.08,,0.0,,3.28,3.101456684647021
Semiconductors,Social,KYG811801045,,0.3,,,0.5700000000000001,0.0,,1.08,,0.78,,2.7300000000000004,3.101456684647021
Semiconductors,Social,TW0006257009,,0.3,,,0.5700000000000001,0.0,,1.08,,0.78,,2.7300000000000004,3.101456684647021
Semiconductors,Social,TW0002363009,,0.0,,,0.5700000000000001,0.0,,1.08,,0.0,,1.6500000000000001,3.101456684647021
Semiconductors,Social,US8269191024,,0.3,,,0.5700000000000001,0.45918037408000006,,1.08,,0.0,,2.40918037408,3.101456684647021
Semiconductors,Social,US82706C1080,,0.3,,,0.20852381592000002,0.0,,1.08,,0.0,,1.5885238159200001,3.101456684647021
Semiconductors,Social,TW0003530002,,0.0,,,0.20852381592000002,0.0,,1.08,,0.0,,1.28852381592,3.101456684647021
Semiconductors,Social,TW0003288007,,0.0,,,0.20852381592000002,0.0,,1.08,,0.0,,1.28852381592,3.101456684647021
Semiconductors,Social,DE000WAF3001,,0.3,,,1.51040302286,1.151936264,,1.08,,0.0,,4.04233928686,3.101456684647021
Semiconductors,Social,TW0005483002,,0.3,,,1.9,0.40518642432,,1.08,,0.78,,4.46518642432,3.101456684647021
Semiconductors,Social,US82982T1060,,0.3,,,0.5700000000000001,0.0,,1.08,,0.0,,1.9500000000000002,3.101456684647021
Semiconductors,Social,TW0008016007,,0.3,,,1.9,0.6610223388800001,,3.5999999999999996,,0.78,,7.24102233888,3.101456684647021
Semiconductors,Social,KR7000660001,,0.3,,,1.51040302286,0.0,,2.6612501907599997,,0.78,,5.25165321362,3.101456684647021
Semiconductors,Social,JP3162640001,,0.0,,,0.5700000000000001,0.0,,1.08,,0.0,,1.6500000000000001,3.101456684647021
Semiconductors,Social,US83089J1088,,0.0,,,0.0,0.0,,1.08,,0.0,,1.08,3.101456684647021
Semiconductors,Social,US83088M1027,,0.3,,,0.20852381592000002,0.025955486240000002,,3.5999999999999996,,1.71666325558,,5.85114255774,3.101456684647021
Semiconductors,Social,KYG8232Y1017,,0.3,,,1.51040302286,0.0,,3.5999999999999996,,0.78,,6.19040302286,3.101456684647021
Semiconductors,Social,KYG8020E1199,,0.3,,,0.5700000000000001,0.28647056576,,1.08,,0.0,,2.2364705657600004,3.101456684647021
Semiconductors,Social,DE0005178008,,0.0,,,0.0,0.0,,0.0,,0.0,,0.0,3.101456684647021
Semiconductors,Social,FR0013227113,,0.0,,,0.20852381592000002,0.9365361785599999,,1.08,,0.0,,2.22505999448,3.101456684647021
Semiconductors,Social,TW0005471007,,0.3,,,0.20852381592000002,0.0,,3.5999999999999996,,0.78,,4.88852381592,3.101456684647021
Semiconductors,Social,TW0003055000,,0.0,,,0.20852381592000002,0.0,,1.08,,0.0,,1.28852381592,3.101456684647021
Semiconductors,Social,CNE100003RN6,,0.0,,,0.0,0.0,,0.0,,0.0,,0.0,3.101456684647021
Semiconductors,Social,NL0000226223,,0.3,,,1.51040302286,1.0969055176,,3.5999999999999996,,0.0,,6.5073085404599995,3.101456684647021
Semiconductors,Social,DE000A1K0235,,0.0,,,1.51040302286,1.1120098113599999,,1.08,,0.0,,3.70241283422,3.101456684647021
Semiconductors,Social,JP3322930003,,0.3,,,1.51040302286,1.1213567352,,1.08,,0.78,,4.79175975806,3.101456684647021
Semiconductors,Social,TW0002401007,,0.0,,,0.20852381592000002,0.0,,1.08,,0.0,,1.28852381592,3.101456684647021
Semiconductors,Social,CNE000001P60,,0.0,,,0.20852381592000002,0.0,,1.08,,0.0,,1.28852381592,3.101456684647021
Semiconductors,Social,US87157D1090,,0.3,,,0.5700000000000001,0.0,,1.08,,0.0,,1.9500000000000002,3.101456684647021
Semiconductors,Social,TW0001582005,,0.0,,,0.0,0.0,,1.08,,0.0,,1.08,3.101456684647021
Semiconductors,Social,TW0002338001,,0.0,,,0.20852381592000002,0.0,,1.08,,0.0,,1.28852381592,3.101456684647021
Semiconductors,Social,TW0006278005,,0.3,,,1.9,4e-12,,1.08,,0.78,,4.060000000004,3.101456684647021
Semiconductors,Social,TW0002340007,,0.3,,,1.4015815925600001,0.0,,3.5999999999999996,,0.78,,6.08158159256,3.101456684647021
Semiconductors,Social,JP3468000009,,0.0,,,0.20852381592000002,0.0,,0.0,,0.78,,0.98852381592,3.101456684647021
Semiconductors,Social,TW0004967005,,0.0,,,0.20852381592000002,0.0,,1.08,,0.0,,1.28852381592,3.101456684647021
Semiconductors,Social,IT0005482333,,0.0,,,1.51040302286,0.39620178224,,1.08,,0.0,,2.9866048051000003,3.101456684647021
Semiconductors,Social,US8807701029,,0.3,,,1.51040302286,0.0,,1.08,,0.78,,3.6704030228600004,3.101456684647021
Semiconductors,Social,TW0003030003,,0.0,,,0.5700000000000001,0.0,,3.5999999999999996,,0.0,,4.17,3.101456684647021
Semiconductors,Social,US8825081040,,0.3,,,1.51040302286,0.74035385136,,1.08,,0.78,,4.4107568742200005,3.101456684647021
Semiconductors,Social,CNE100000825,,0.3,,,0.5700000000000001,0.0,,1.08,,0.0,,1.9500000000000002,3.101456684647021
Semiconductors,Social,KR7064760002,,0.0,,,0.5700000000000001,0.0,,1.08,,0.0,,1.6500000000000001,3.101456684647021
Semiconductors,Social,JP3571400005,,0.3,,,1.51040302286,0.91284210208,,1.08,,0.78,,4.58324512494,3.101456684647021
Semiconductors,Social,JP3571800006,,0.3,,,0.5700000000000001,0.0,,1.08,,0.0,,1.9500000000000002,3.101456684647021
Semiconductors,Social,JP3580200008,,0.3,,,0.5700000000000001,0.0,,1.08,,0.78,,2.7300000000000004,3.101456684647021
Semiconductors,Social,TW0006271000,,0.3,,,1.9,0.1429094696,,2.5529570960399997,,0.0,,4.89586656564,3.101456684647021
Semiconductors,Social,CNE1000006C3,,0.3,,,0.0,0.0,,1.08,,0.78,,2.16,3.101456684647021
Semiconductors,Social,TW0008021007,,0.3,,,1.9,0.0,,1.08,,0.78,,4.06,3.101456684647021
Semiconductors,Social,JP3637280003,,0.3,,,0.20852381592000002,0.0,,1.08,,0.78,,2.36852381592,3.101456684647021
Semiconductors,Social,JP3555700008,,0.0,,,0.20852381592000002,0.0,,1.08,,0.78,,2.06852381592,3.101456684647021
Semiconductors,Social,IL0010823792,,0.3,,,0.5700000000000001,0.0,,1.08,,0.0,,1.9500000000000002,3.101456684647021
Semiconductors,Social,TW0002451002,,0.3,,,1.51040302286,0.5959634780799999,,3.5999999999999996,,0.78,,6.78636650094,3.101456684647021
Semiconductors,Social,TW0002330008,,0.3,,,1.51040302286,1.3506329345599999,,2.22049690236,,0.0,,5.38153285978,3.101456684647021
Semiconductors,Social,TW0002426004,,0.0,,,0.5700000000000001,0.0,,3.5999999999999996,,0.78,,4.95,3.101456684647021
Semiconductors,Social,CH0033361673,,0.3,,,0.5700000000000001,0.71286506656,,1.08,,0.0,,2.66286506656,3.101456684647021
Semiconductors,Social,US90385V1070,,0.0,,,0.5700000000000001,0.0,,1.08,,0.0,,1.6500000000000001,3.101456684647021
Semiconductors,Social,JP3126190002,,0.3,,,0.5700000000000001,0.0,,1.08,,0.78,,2.7300000000000004,3.101456684647021
Semiconductors,Social,TW0002303005,,0.3,,,0.5700000000000001,0.48973552704,,2.7685241316,,0.78,,4.9082596586400005,3.101456684647021
Semiconductors,Social,TW0008277005,,0.0,,,0.5700000000000001,0.0,,3.5999999999999996,,0.78,,4.95,3.101456684647021
Semiconductors,Social,CNE000001M14,,0.0,,,1.51040302286,0.0,,1.08,,0.0,,2.5904030228600003,3.101456684647021
Semiconductors,Social,KR7077500007,,0.0,,,0.20852381592000002,0.0,,1.08,,0.0,,1.28852381592,3.101456684647021
Semiconductors,Social,MYL5005OO003,,0.3,,,1.51040302286,0.0,,1.08,,0.0,,2.89040302286,3.101456684647021
Semiconductors,Social,US91347P1057,,0.3,,,1.78594121932,0.6790125275200001,,3.5999999999999996,,2.06686729444,,8.43182104128,3.101456684647021
Semiconductors,Social,JP3829900004,,0.0,,,0.20852381592000002,0.0,,1.08,,0.0,,1.28852381592,3.101456684647021
Semiconductors,Social,TW0005347009,,0.3,,,1.51040302286,0.6458811950400001,,3.5999999999999996,,0.78,,6.8362842179,3.101456684647021
Semiconductors,Social,US9224171002,,0.0,,,0.20852381592000002,0.53571640016,,1.08,,0.78,,2.60424021608,3.101456684647021
Semiconductors,Social,CNE100004413,,0.0,,,1.9,1.07081718448,,3.5999999999999996,,0.0,,6.570817184479999,3.101456684647021
Semiconductors,Social,TW0002388006,,0.3,,,0.0,0.0,,1.08,,0.78,,2.16,3.101456684647021
Semiconductors,Social,TW0006789001,,0.3,,,1.9,0.35034641264,,1.08,,0.78,,4.41034641264,3.101456684647021
Semiconductors,Social,US9282981086,,0.3,,,0.5700000000000001,0.0,,1.08,,0.0,,1.9500000000000002,3.101456684647021
Semiconductors,Social,US92835K1034,,0.0,,,0.20852381592000002,0.0,,1.08,,0.0,,1.28852381592,3.101456684647021
Semiconductors,Social,TW0002455003,,0.0,,,0.20852381592000002,0.0,,1.08,,0.78,,2.06852381592,3.101456684647021
Semiconductors,Social,TW0006182009,,0.3,,,0.5700000000000001,0.0,,1.08,,0.78,,2.7300000000000004,3.101456684647021
Semiconductors,Social,TW0008110008,,0.3,,,1.51040302286,0.00599739488,,2.6612501907599997,,0.78,,5.2576506085,3.101456684647021
Semiconductors,Social,TW0002436003,,0.0,,,0.20852381592000002,0.0,,1.08,,0.0,,1.28852381592,3.101456684647021
Semiconductors,Social,CNE100002XM8,,0.3,,,0.20852381592000002,0.7799376678400001,,1.08,,0.78,,3.1484614837600002,3.101456684647021
Semiconductors,Social,TW0003105003,,0.3,,,1.9,1.09428970336,,3.5999999999999996,,0.77037034516,,7.664660048519999,3.101456684647021
Semiconductors,Social,TW0002344009,,0.3,,,1.9,0.54914672848,,1.08,,2.6,,6.429146728479999,3.101456684647021
Semiconductors,Social,JP3154370005,,0.0,,,0.5700000000000001,0.0,,1.08,,0.0,,1.6500000000000001,3.101456684647021
Semiconductors,Social,US9778521024,,0.3,,,0.20852381592000002,0.0,,1.08,,0.78,,2.36852381592,3.101456684647021
Semiconductors,Social,KR7030530000,,0.0,,,0.0,0.0,,0.0,,0.0,,0.0,3.101456684647021
Semiconductors,Social,KR7240810002,,0.3,,,0.5700000000000001,0.0,,1.08,,0.0,,1.9500000000000002,3.101456684647021
Semiconductors,Social,BE0974310428,,0.3,,,0.5700000000000001,1.01184120176,,1.08,,0.0,,2.9618412017600004,3.101456684647021
Semiconductors,Social,JP3990600003,,0.0,,,0.0,0.0,,1.08,,0.0,,1.08,3.101456684647021
Semiconductors,Social,CNE100001R90,,0.0,,,0.20852381592000002,0.0,,1.08,,0.0,,1.28852381592,3.101456684647021
Semiconductors,Social,CNE100001DJ8,,0.0,,,0.5700000000000001,0.0,,1.08,,0.78,,2.43,3.101456684647021
Semiconductors,Social,US29355A1079,,0.3,,,0.0,0.0,,2.2043150712,,0.0,,2.5043150711999997,3.101456684647021
Semiconductors,Social,US3364331070,,0.3,,,0.0,0.0,,1.9659340666799998,,0.0,,2.26593406668,3.101456684647021
Automobiles,Social,US88160R1014,,0.5,,,0.6000000000000001,2.3946324348,,,,1.8919049265,,5.3865373613,2.364194169826471
Automobiles,Social,CNE100000296,,0.5,,,1.6546926498000003,0.0,,,,3.04397828595,,5.19867093575,2.364194169826471
Automobiles,Social,US50202M1027,,0.5,,,1.5205955506000002,0.0,,,,2.67700424175,,4.697599792350001,2.364194169826471
Automobiles,Social,US62914V1061,,0.0,,,0.6000000000000001,2.0194550514,,,,1.35,,3.9694550514,2.364194169826471
Automobiles,Social,US3453708600,,0.5,,,0.6000000000000001,1.7553824901,,,,2.23190023905,,5.08728272915,2.364194169826471
Automobiles,Social,US98422D1054,,0.0,,,1.5205955506000002,0.0,,,,1.9931051016,,3.5137006522000003,2.364194169826471
Automobiles,Social,US7311052010,,0.0,,,0.6000000000000001,0.0,,,,0.47899677150000003,,1.0789967715000002,2.364194169826471
Automobiles,Social,CNE100005K77,,0.0,,,0.6000000000000001,0.0,,,,1.9931051016,,2.5931051016,2.364194169826471
Automobiles,Social,CNE100001TJ4,,0.0,,,0.6823225498000001,0.0,,,,1.35,,2.0323225498,2.364194169826471
Automobiles,Social,US5494981039,,0.5,,,0.6000000000000001,2.3946324348,,,,1.35,,4.8446324348,2.364194169826471
Automobiles,Social,TH3545010003,,0.0,,,0.0,0.0,,,,0.0,,0.0,2.364194169826471
Automobiles,Social,INE260D01016,,0.0,,,0.21949875360000004,0.0,,,,0.0,,0.21949875360000004,2.364194169826471
Automobiles,Social,US0395872098,,0.0,,,0.21949875360000004,0.0,,,,0.675,,0.8944987536000001,2.364194169826471
Automobiles,Social,US54405Q2093,,0.0,,,0.0,0.0,,,,0.675,,0.675,2.364194169826471
Automobiles,Social,US3073597037,,0.0,,,0.0,0.0,,,,0.0,,0.0,2.364194169826471
Automobiles,Social,CA35954F1080,,0.0,,,0.0,0.0,,,,0.0,,0.0,2.364194169826471
Automobiles,Social,SGXZ55111462,,0.0,,,0.0,0.0,,,,0.0,,0.0,2.364194169826471
